<?xml version = '1.0' encoding = 'UTF-8'?>
<Diagram class="oracle.dbtools.crest.swingui.relational.DPVRelational" name="Relational_1" id="C4B59B9D-3A94-3A84-5533-E85AC2A37D36">
<createdBy>danic</createdBy>
<modifiedBy>danic</modifiedBy>
<createdTime>2026-01-19 15:53:43 UTC</createdTime>
<autoRoute>false</autoRoute>
<boxInbox>true</boxInbox>
<showLegend>false</showLegend>
<showLabels>false</showLabels>
<showRelAttributes>false</showRelAttributes>
<gridEnabled>false</gridEnabled>
<showGrid>false</showGrid>
<diagramColor>-1</diagramColor>
<display>false</display>
<notation>1</notation>
<objectViews>
<OView class="oracle.dbtools.crest.swingui.relational.TVTable" oid="0C3589AD-7982-5EDD-9F5C-000182CB59CE" otype="Table" vid="8416DB9C-6DE9-A2B3-7FBB-2D0047E9310A">
<hideElementsInCurrentOnly>false</hideElementsInCurrentOnly>
<bounds x="798" y="460" width="353" height="165"/>
</OView>
<OView class="oracle.dbtools.crest.swingui.relational.TVTable" oid="5419879E-560B-D2AE-9B4F-F336D30EA080" otype="Table" vid="3318D0CE-197A-D84E-5281-4F23FF2B0017">
<hideElementsInCurrentOnly>false</hideElementsInCurrentOnly>
<bounds x="399" y="433" width="300" height="193"/>
</OView>
<OView class="oracle.dbtools.crest.swingui.relational.TVTable" oid="66F70E1F-5EF7-7ED7-E857-510E164C181E" otype="Table" vid="3A8553E1-C437-AE3E-8F4E-0A23724D2B88">
<hideElementsInCurrentOnly>false</hideElementsInCurrentOnly>
<bounds x="263" y="38" width="228" height="94"/>
</OView>
<OView class="oracle.dbtools.crest.swingui.relational.TVTable" oid="68C5D8DC-4DD7-E534-DCBE-22BFB1DBCB30" otype="Table" vid="4E6CBE4C-9597-0E38-4DDE-70AACC42968E">
<hideElementsInCurrentOnly>false</hideElementsInCurrentOnly>
<bounds x="6" y="525" width="201" height="99"/>
</OView>
<OView class="oracle.dbtools.crest.swingui.relational.TVTable" oid="BE3AE50F-F1EC-FCDC-611C-2FC882D7FC49" otype="Table" vid="8D42D003-546F-24CD-4B24-3EAA0486EF19">
<hideElementsInCurrentOnly>false</hideElementsInCurrentOnly>
<bounds x="22" y="191" width="204" height="91"/>
</OView>
<OView class="oracle.dbtools.crest.swingui.relational.TVTable" oid="CB662F17-A9E6-C09D-E0C8-1B3915B30B6D" otype="Table" vid="D12A80D4-1208-C686-D6D1-89D961005236">
<hideElementsInCurrentOnly>false</hideElementsInCurrentOnly>
<bounds x="888" y="236" width="264" height="118"/>
</OView>
<OView class="oracle.dbtools.crest.swingui.relational.TVTable" oid="FA703E91-DD11-CA01-4286-D53680F3CD98" otype="Table" vid="1AE286C6-6809-9B16-8C6C-ECD3F3677AB0">
<hideElementsInCurrentOnly>false</hideElementsInCurrentOnly>
<bounds x="800" y="5" width="351" height="136"/>
</OView>
<OView class="oracle.dbtools.crest.swingui.relational.TVTable" oid="FDB21BC5-15CA-356C-2AA1-A0C10AFC2951" otype="Table" vid="B9650867-E9FB-723C-C250-A810C7A7837B">
<hideElementsInCurrentOnly>false</hideElementsInCurrentOnly>
<bounds x="5" y="4" width="237" height="166"/>
</OView>
</objectViews>
<connectors>
<Connector class="oracle.dbtools.crest.swingui.relational.TVFKRelation" oid="2E0039F4-D598-FB2C-CB69-014712E09F68" otype="FKIndexAssociation" vid_source="D12A80D4-1208-C686-D6D1-89D961005236" vid_target="1AE286C6-6809-9B16-8C6C-ECD3F3677AB0">
<hideElementsInCurrentOnly>false</hideElementsInCurrentOnly>
<backgroundColor>-16777216</backgroundColor>
<lineWidth>1</lineWidth>
<points>
<point x="1019" y="236"/>
<point x="1019" y="141"/>
</points>
</Connector>
<Connector class="oracle.dbtools.crest.swingui.relational.TVFKRelation" oid="67B5992F-0181-CE3C-C1BE-D5F7432B4A3F" otype="FKIndexAssociation" vid_source="D12A80D4-1208-C686-D6D1-89D961005236" vid_target="8416DB9C-6DE9-A2B3-7FBB-2D0047E9310A">
<hideElementsInCurrentOnly>false</hideElementsInCurrentOnly>
<backgroundColor>-16777216</backgroundColor>
<lineWidth>1</lineWidth>
<points>
<point x="1019" y="354"/>
<point x="1019" y="460"/>
</points>
</Connector>
<Connector class="oracle.dbtools.crest.swingui.relational.TVFKRelation" oid="77D527C1-BF48-3498-02AD-360483F380CE" otype="FKIndexAssociation" vid_source="3A8553E1-C437-AE3E-8F4E-0A23724D2B88" vid_target="3318D0CE-197A-D84E-5281-4F23FF2B0017">
<hideElementsInCurrentOnly>false</hideElementsInCurrentOnly>
<backgroundColor>-16777216</backgroundColor>
<lineWidth>1</lineWidth>
<points>
<point x="445" y="132"/>
<point x="445" y="433"/>
</points>
</Connector>
<Connector class="oracle.dbtools.crest.swingui.relational.TVFKRelation" oid="B2591267-4163-1906-F0F2-74CA6DDF5FE0" otype="FKIndexAssociation" vid_source="4E6CBE4C-9597-0E38-4DDE-70AACC42968E" vid_target="3318D0CE-197A-D84E-5281-4F23FF2B0017">
<hideElementsInCurrentOnly>false</hideElementsInCurrentOnly>
<backgroundColor>-16777216</backgroundColor>
<lineWidth>1</lineWidth>
<points>
<point x="207" y="574"/>
<point x="399" y="574"/>
</points>
</Connector>
<Connector class="oracle.dbtools.crest.swingui.relational.TVFKRelation" oid="D8DF2BFD-473A-7695-A41E-AD02BE0507AD" otype="FKIndexAssociation" vid_source="B9650867-E9FB-723C-C250-A810C7A7837B" vid_target="8D42D003-546F-24CD-4B24-3EAA0486EF19">
<hideElementsInCurrentOnly>false</hideElementsInCurrentOnly>
<backgroundColor>-16777216</backgroundColor>
<lineWidth>1</lineWidth>
<points>
<point x="124" y="170"/>
<point x="124" y="191"/>
</points>
</Connector>
<Connector class="oracle.dbtools.crest.swingui.relational.TVFKRelation" oid="EC49AA9E-2FAE-578A-007B-EF5A5CBC53D8" otype="FKIndexAssociation" vid_source="B9650867-E9FB-723C-C250-A810C7A7837B" vid_target="3A8553E1-C437-AE3E-8F4E-0A23724D2B88">
<hideElementsInCurrentOnly>false</hideElementsInCurrentOnly>
<backgroundColor>-16777216</backgroundColor>
<lineWidth>1</lineWidth>
<points>
<point x="242" y="85"/>
<point x="263" y="85"/>
</points>
</Connector>
<Connector class="oracle.dbtools.crest.swingui.relational.TVFKRelation" oid="F6839D5D-BC8C-FAF2-B903-1D017B599171" otype="FKIndexAssociation" vid_source="3318D0CE-197A-D84E-5281-4F23FF2B0017" vid_target="8416DB9C-6DE9-A2B3-7FBB-2D0047E9310A">
<hideElementsInCurrentOnly>false</hideElementsInCurrentOnly>
<backgroundColor>-16777216</backgroundColor>
<lineWidth>1</lineWidth>
<points>
<point x="699" y="542"/>
<point x="798" y="542"/>
</points>
</Connector>
</connectors>
<arcs>
<Arc class="oracle.dbtools.crest.swingui.relational.TVFKArc" oid="9CF04CB9-4035-64BE-9267-AA18C38718CE" otype="FKArc" vid="970F001C-4BA0-499B-6393-A202A935ACB2">
<hideElementsInCurrentOnly>false</hideElementsInCurrentOnly>
<bounds x="-15" y="-16" width="277" height="206"/>
</Arc>
</arcs>
</Diagram>