<?xml version = '1.0' encoding = 'UTF-8'?>
<Diagram class="oracle.dbtools.crest.swingui.logical.DPVLogical" name="Logical" id="6D6441EC-E620-43FC-1736-98A53E72B57B">
<createdBy>danic</createdBy>
<modifiedBy>danic</modifiedBy>
<createdTime>2026-01-22 19:18:10 UTC</createdTime>
<autoRoute>false</autoRoute>
<boxInbox>true</boxInbox>
<showLegend>false</showLegend>
<showLabels>false</showLabels>
<showRelAttributes>false</showRelAttributes>
<gridEnabled>false</gridEnabled>
<showGrid>false</showGrid>
<diagramColor>-1</diagramColor>
<display>false</display>
<notation>1</notation>
<objectViews>
<OView class="oracle.dbtools.crest.swingui.logical.TVEntity" oid="0B9506F2-F004-A487-4575-4C5F87768DC0" otype="Entity" vid="39E6F720-81CC-CC91-F464-B40323938E58">
<hideElementsInCurrentOnly>false</hideElementsInCurrentOnly>
<bounds x="15" y="76" width="124" height="37"/>
</OView>
<OView class="oracle.dbtools.crest.swingui.logical.TVEntity" oid="1F773604-A0D4-C8C8-DCC2-13FEC4258451" otype="Entity" vid="28C403A7-DAAD-B8AE-A84F-F4D864C4CCCA">
<hideElementsInCurrentOnly>false</hideElementsInCurrentOnly>
<bounds x="636" y="168" width="121" height="48"/>
</OView>
<OView class="oracle.dbtools.crest.swingui.logical.TVEntity" oid="239215A3-030A-A56A-0A30-A0767BE19844" otype="Entity" vid="61DAC2AE-CA97-C98D-79A2-0CD9DAEA1493">
<hideElementsInCurrentOnly>false</hideElementsInCurrentOnly>
<bounds x="20" y="339" width="88" height="16"/>
</OView>
<OView class="oracle.dbtools.crest.swingui.logical.TVEntity" oid="323697C5-3203-BF01-A527-4AEAC32A226B" otype="Entity" vid="96E0D944-E7AE-78F3-B37B-F0D733E2CDFD">
<hideElementsInCurrentOnly>false</hideElementsInCurrentOnly>
<bounds x="319" y="4" width="114" height="62"/>
</OView>
<OView class="oracle.dbtools.crest.swingui.logical.TVEntity" oid="41C38554-9BFA-3FAF-DD55-73A636036235" otype="Entity" vid="87E16D43-39A4-2902-1550-2F6F9F1A012A">
<hideElementsInCurrentOnly>false</hideElementsInCurrentOnly>
<bounds x="5" y="3" width="144" height="167"/>
</OView>
<OView class="oracle.dbtools.crest.swingui.logical.TVEntity" oid="439D810A-1666-E57C-AA92-37822E34EA75" otype="Entity" vid="8A084456-39BB-BC32-376A-C0FC188FF8E3">
<hideElementsInCurrentOnly>false</hideElementsInCurrentOnly>
<bounds x="326" y="106" width="95" height="74"/>
</OView>
<OView class="oracle.dbtools.crest.swingui.logical.TVEntity" oid="963328C6-B7A1-18CA-4D47-1259D418A2D5" otype="Entity" vid="3B587479-1051-6DF6-E983-C70782D00C97">
<hideElementsInCurrentOnly>false</hideElementsInCurrentOnly>
<bounds x="6" y="264" width="116" height="150"/>
</OView>
<OView class="oracle.dbtools.crest.swingui.logical.TVEntity" oid="A9F2DCFD-3704-2E1C-BC60-D125306DD246" otype="Entity" vid="F31FCE01-84C0-E430-42D9-C3E348E057FF">
<hideElementsInCurrentOnly>false</hideElementsInCurrentOnly>
<bounds x="15" y="357" width="96" height="47"/>
</OView>
<OView class="oracle.dbtools.crest.swingui.logical.TVEntity" oid="BE4BC200-8F8E-4C19-EA51-DC7BB0562B35" otype="Entity" vid="9A99AB45-B69D-2D22-A569-76C4BFFE411E">
<hideElementsInCurrentOnly>false</hideElementsInCurrentOnly>
<bounds x="653" y="94" width="103" height="46"/>
</OView>
<OView class="oracle.dbtools.crest.swingui.logical.TVEntity" oid="C54F96A6-FDEE-4FD3-86F7-A9852A3F1EB6" otype="Entity" vid="593F8E3F-3636-81DA-344C-410600A00ADF">
<hideElementsInCurrentOnly>false</hideElementsInCurrentOnly>
<bounds x="666" y="326" width="94" height="86"/>
</OView>
<OView class="oracle.dbtools.crest.swingui.logical.TVEntity" oid="F36718F1-08BB-DB6D-E10D-BB3AFF7DFEF8" otype="Entity" vid="666BF639-E084-D0CE-BB88-2643FEFB0012">
<hideElementsInCurrentOnly>false</hideElementsInCurrentOnly>
<bounds x="15" y="123" width="120" height="37"/>
</OView>
<OView class="oracle.dbtools.crest.swingui.logical.TVEntity" oid="F884F4CD-FDE4-B15C-2156-721D627BFB22" otype="Entity" vid="A70E42DD-FD0C-56A4-C9F9-764DB7E761D7">
<hideElementsInCurrentOnly>false</hideElementsInCurrentOnly>
<bounds x="358" y="283" width="113" height="47"/>
</OView>
</objectViews>
<connectors>
<Connector class="oracle.dbtools.crest.swingui.logical.TVInheritanceRelation" oid="0F89F6FE-8B3D-8B78-0365-088DEE3992C1" otype="Hierarchy relation" vid_source="3B587479-1051-6DF6-E983-C70782D00C97" vid_target="F31FCE01-84C0-E430-42D9-C3E348E057FF">
<hideElementsInCurrentOnly>false</hideElementsInCurrentOnly>
<backgroundColor>-65536</backgroundColor>
<lineWidth>1</lineWidth>
</Connector>
<Connector class="oracle.dbtools.crest.swingui.logical.TVInheritanceRelation" oid="33227A7F-F191-8754-DF76-E8A6EF0F31A6" otype="Hierarchy relation" vid_source="87E16D43-39A4-2902-1550-2F6F9F1A012A" vid_target="39E6F720-81CC-CC91-F464-B40323938E58">
<hideElementsInCurrentOnly>false</hideElementsInCurrentOnly>
<backgroundColor>-65536</backgroundColor>
<lineWidth>1</lineWidth>
</Connector>
<Connector class="oracle.dbtools.crest.swingui.logical.TVRelation" oid="41B002C8-BFA6-D788-76C1-A96F941E16C9" otype="Relation" vid_source="A70E42DD-FD0C-56A4-C9F9-764DB7E761D7" vid_target="61DAC2AE-CA97-C98D-79A2-0CD9DAEA1493">
<hideElementsInCurrentOnly>false</hideElementsInCurrentOnly>
<backgroundColor>-16777216</backgroundColor>
<lineWidth>1</lineWidth>
<points>
<point x="358" y="313"/>
<point x="108" y="341"/>
</points>
</Connector>
<Connector class="oracle.dbtools.crest.swingui.logical.TVRelation" oid="583167B1-C3FC-0A07-37A1-F014E3A2924A" otype="Relation" vid_source="8A084456-39BB-BC32-376A-C0FC188FF8E3" vid_target="28C403A7-DAAD-B8AE-A84F-F4D864C4CCCA">
<hideElementsInCurrentOnly>false</hideElementsInCurrentOnly>
<backgroundColor>-16777216</backgroundColor>
<lineWidth>1</lineWidth>
<points>
<point x="421" y="174"/>
<point x="636" y="174"/>
</points>
</Connector>
<Connector class="oracle.dbtools.crest.swingui.logical.TVRelation" oid="751361B5-BC5E-3172-3087-E7468D286A72" otype="Relation" vid_source="3B587479-1051-6DF6-E983-C70782D00C97" vid_target="9A99AB45-B69D-2D22-A569-76C4BFFE411E">
<hideElementsInCurrentOnly>false</hideElementsInCurrentOnly>
<backgroundColor>-16777216</backgroundColor>
<lineWidth>1</lineWidth>
<points>
<point x="122" y="318"/>
<point x="653" y="134"/>
</points>
</Connector>
<Connector class="oracle.dbtools.crest.swingui.logical.TVRelation" oid="7E131A6E-CBFF-6F77-69E4-AB670E7E146C" otype="Relation" vid_source="593F8E3F-3636-81DA-344C-410600A00ADF" vid_target="28C403A7-DAAD-B8AE-A84F-F4D864C4CCCA">
<hideElementsInCurrentOnly>false</hideElementsInCurrentOnly>
<backgroundColor>-16777216</backgroundColor>
<lineWidth>1</lineWidth>
<points>
<point x="711" y="326"/>
<point x="711" y="216"/>
</points>
</Connector>
<Connector class="oracle.dbtools.crest.swingui.logical.TVRelation" oid="9AC69445-4F88-B386-5FAD-5F59EB79EE6C" otype="Relation" vid_source="3B587479-1051-6DF6-E983-C70782D00C97" vid_target="8A084456-39BB-BC32-376A-C0FC188FF8E3">
<hideElementsInCurrentOnly>false</hideElementsInCurrentOnly>
<backgroundColor>-16777216</backgroundColor>
<lineWidth>1</lineWidth>
<points>
<point x="122" y="302"/>
<point x="326" y="173"/>
</points>
</Connector>
<Connector class="oracle.dbtools.crest.swingui.logical.TVInheritanceRelation" oid="A98D53D0-BD93-FD06-C112-9AC2932FF8E3" otype="Hierarchy relation" vid_source="3B587479-1051-6DF6-E983-C70782D00C97" vid_target="61DAC2AE-CA97-C98D-79A2-0CD9DAEA1493">
<hideElementsInCurrentOnly>false</hideElementsInCurrentOnly>
<backgroundColor>-65536</backgroundColor>
<lineWidth>1</lineWidth>
</Connector>
<Connector class="oracle.dbtools.crest.swingui.logical.TVRelation" oid="BB14E891-99E2-A401-9F13-A73C4FEA996E" otype="Relation" vid_source="96E0D944-E7AE-78F3-B37B-F0D733E2CDFD" vid_target="9A99AB45-B69D-2D22-A569-76C4BFFE411E">
<hideElementsInCurrentOnly>false</hideElementsInCurrentOnly>
<backgroundColor>-16777216</backgroundColor>
<lineWidth>1</lineWidth>
<points>
<point x="433" y="49"/>
<point x="653" y="104"/>
</points>
</Connector>
<Connector class="oracle.dbtools.crest.swingui.logical.TVInheritanceRelation" oid="BC2C0A5F-6943-1DD3-F1A9-C2A117B497A1" otype="Hierarchy relation" vid_source="87E16D43-39A4-2902-1550-2F6F9F1A012A" vid_target="666BF639-E084-D0CE-BB88-2643FEFB0012">
<hideElementsInCurrentOnly>false</hideElementsInCurrentOnly>
<backgroundColor>-65536</backgroundColor>
<lineWidth>1</lineWidth>
</Connector>
<Connector class="oracle.dbtools.crest.swingui.logical.TVRelation" oid="C08E42EB-5D74-BD29-7546-1A6CDDB85F11" otype="Relation" vid_source="A70E42DD-FD0C-56A4-C9F9-764DB7E761D7" vid_target="F31FCE01-84C0-E430-42D9-C3E348E057FF">
<hideElementsInCurrentOnly>false</hideElementsInCurrentOnly>
<backgroundColor>-16777216</backgroundColor>
<lineWidth>1</lineWidth>
<points>
<point x="358" y="318"/>
<point x="111" y="370"/>
</points>
</Connector>
<Connector class="oracle.dbtools.crest.swingui.logical.TVRelation" oid="CA099583-5659-27B3-254E-8B9F308A234F" otype="Relation" vid_source="87E16D43-39A4-2902-1550-2F6F9F1A012A" vid_target="8A084456-39BB-BC32-376A-C0FC188FF8E3">
<hideElementsInCurrentOnly>false</hideElementsInCurrentOnly>
<backgroundColor>-16777216</backgroundColor>
<lineWidth>1</lineWidth>
<points>
<point x="149" y="138"/>
<point x="326" y="138"/>
</points>
</Connector>
<Connector class="oracle.dbtools.crest.swingui.logical.TVRelation" oid="E11BF135-B463-A7E1-6829-49E7462CFA7A" otype="Relation" vid_source="96E0D944-E7AE-78F3-B37B-F0D733E2CDFD" vid_target="8A084456-39BB-BC32-376A-C0FC188FF8E3">
<hideElementsInCurrentOnly>false</hideElementsInCurrentOnly>
<backgroundColor>-16777216</backgroundColor>
<lineWidth>1</lineWidth>
<points>
<point x="373" y="66"/>
<point x="373" y="106"/>
</points>
</Connector>
</connectors>
</Diagram>