<?xml version = '1.0' encoding = 'UTF-8'?>
<Table class="oracle.dbtools.crest.model.design.relational.Table" directorySegmentName="seg_0" id="0C3589AD-7982-5EDD-9F5C-000182CB59CE" name="RESERVA">
<createdBy>danic</createdBy>
<createdTime>2026-01-19 15:53:43 UTC</createdTime>
<generatorID>1CEDE23A-D83F-FAAE-896C-081CDCF1DE99</generatorID>
<ownerDesignName>ModBD_S2</ownerDesignName>
<allowColumnReorder>false</allowColumnReorder>
<existDependencyGenerateInDDl>true</existDependencyGenerateInDDl>
<parsed>true</parsed>
<columns itemClass="oracle.dbtools.crest.model.design.relational.Column">
<Column name="NUMERO_RESERVA" id="AAD3BE3E-DF21-D1A0-C837-9533CD92CCC2">
<createdBy>danic</createdBy>
<createdTime>2026-01-19 15:53:43 UTC</createdTime>
<generatorID>4058B5E1-293C-7200-409D-8818C5E5E10F</generatorID>
<ownerDesignName>ModBD_S2</ownerDesignName>
<useDomainConstraints>false</useDomainConstraints>
<use>1</use>
<logicalDatatype>A3A3C77D-0366-9768-FF89-1C25E56881C8</logicalDatatype>
<dataTypeSize>1000</dataTypeSize>
<ownDataTypeParameters>1000,,</ownDataTypeParameters>
<autoIncrementCycle>false</autoIncrementCycle>
</Column>
<Column name="Fecha_Reserva" id="4661E922-4D6D-AE18-D4F1-79A133890B0C">
<createdBy>danic</createdBy>
<createdTime>2026-01-19 15:53:43 UTC</createdTime>
<generatorID>9A3CC19E-540A-FF84-36F1-4A1D98EA8EF4</generatorID>
<ownerDesignName>ModBD_S2</ownerDesignName>
<useDomainConstraints>false</useDomainConstraints>
<use>1</use>
<logicalDatatype>LOGDT007</logicalDatatype>
<ownDataTypeParameters>,,</ownDataTypeParameters>
<autoIncrementCycle>false</autoIncrementCycle>
</Column>
<Column name="Fecha_Viaje" id="530FD2B8-3922-E478-4590-53A61D6910D9">
<createdBy>danic</createdBy>
<createdTime>2026-01-19 15:53:43 UTC</createdTime>
<generatorID>3C4BB602-E8BB-9495-921E-69D54C906A0F</generatorID>
<ownerDesignName>ModBD_S2</ownerDesignName>
<useDomainConstraints>false</useDomainConstraints>
<use>1</use>
<logicalDatatype>LOGDT007</logicalDatatype>
<ownDataTypeParameters>,,</ownDataTypeParameters>
<autoIncrementCycle>false</autoIncrementCycle>
</Column>
<Column name="Estado" id="E8171013-4DAE-51C2-1EA7-9F7023D0B74C">
<createdBy>danic</createdBy>
<createdTime>2026-01-19 15:53:43 UTC</createdTime>
<generatorID>871C5901-13D4-E3DF-1C90-BD985CA89115</generatorID>
<ownerDesignName>ModBD_S2</ownerDesignName>
<useDomainConstraints>false</useDomainConstraints>
<use>1</use>
<logicalDatatype>A3A3C77D-0366-9768-FF89-1C25E56881C8</logicalDatatype>
<dataTypeSize>50</dataTypeSize>
<ownDataTypeParameters>50,,</ownDataTypeParameters>
<autoIncrementCycle>false</autoIncrementCycle>
</Column>
<Column name="VUELO_NUMERO_VUELO" id="7AE716AF-18FF-6565-DC86-BF82AC1FCD7C">
<createdBy>danic</createdBy>
<createdTime>2026-01-19 15:53:43 UTC</createdTime>
<generatorID>381A48EA-3395-4A7A-3089-D26238B4F425</generatorID>
<ownerDesignName>ModBD_S2</ownerDesignName>
<nullsAllowed>true</nullsAllowed>
<useDomainConstraints>false</useDomainConstraints>
<use>1</use>
<logicalDatatype>A3A3C77D-0366-9768-FF89-1C25E56881C8</logicalDatatype>
<dataTypeSize>1000</dataTypeSize>
<ownDataTypeParameters>,,</ownDataTypeParameters>
<previousColumn>false</previousColumn>
<autoIncrementCycle>false</autoIncrementCycle>
<associations>
<colAssociation fkAssociation="F6839D5D-BC8C-FAF2-B903-1D017B599171" referredColumn="A19ED6DD-3E21-2108-610B-CE87AFE87916"/>
</associations>
</Column>
<Column name="PASAJERO_PASAPORTE_O_CEDULA" id="1AF40305-AAF7-91FF-D80F-068AF91CFF96">
<createdBy>danic</createdBy>
<createdTime>2026-01-19 15:53:43 UTC</createdTime>
<generatorID>B896159F-12A7-06B6-3A62-D88A7A5177B8</generatorID>
<ownerDesignName>ModBD_S2</ownerDesignName>
<useDomainConstraints>false</useDomainConstraints>
<use>1</use>
<logicalDatatype>A3A3C77D-0366-9768-FF89-1C25E56881C8</logicalDatatype>
<dataTypeSize>20</dataTypeSize>
<ownDataTypeParameters>,,</ownDataTypeParameters>
<previousColumn>false</previousColumn>
<autoIncrementCycle>false</autoIncrementCycle>
<associations>
<colAssociation fkAssociation="67B5992F-0181-CE3C-C1BE-D5F7432B4A3F" referredColumn="F799239A-C6EB-0D65-809C-1422995A5E2E"/>
</associations>
</Column>
</columns>
<indexes itemClass="oracle.dbtools.crest.model.design.relational.Index">
<ind_PK_UK id="50126C2F-94C7-97BC-0CC0-3363F2EA4AE6" name="RESERVA_PK">
<createdBy>danic</createdBy>
<createdTime>2026-01-19 15:53:43 UTC</createdTime>
<generatorID>2191E168-D33F-9D60-96AD-1066872F82AD</generatorID>
<ownerDesignName>ModBD_S2</ownerDesignName>
<pk>true</pk>
<indexState>Primary Constraint</indexState>
<isSurrogateKey>false</isSurrogateKey>
<indexColumnUsage>
<colUsage columnID="AAD3BE3E-DF21-D1A0-C837-9533CD92CCC2"/>
</indexColumnUsage>
</ind_PK_UK>
<ind_PK_UK id="336B51E8-7345-5DBC-DFE5-BC856752CB5D" name="RESERVA_VUELO_FK">
<createdBy>danic</createdBy>
<createdTime>2026-01-19 15:53:43 UTC</createdTime>
<generatorID>18062F49-DBFE-2ACF-C99B-2E83BC15B18E</generatorID>
<ownerDesignName>ModBD_S2</ownerDesignName>
<indexState>Foreign Key</indexState>
<isSurrogateKey>false</isSurrogateKey>
<indexColumnUsage>
<colUsage columnID="7AE716AF-18FF-6565-DC86-BF82AC1FCD7C"/>
</indexColumnUsage>
</ind_PK_UK>
<ind_PK_UK id="DF9909E5-918A-8E3E-AA57-52E3F4380A2B" name="RESERVA_PASAJERO_FK">
<createdBy>danic</createdBy>
<createdTime>2026-01-19 15:53:43 UTC</createdTime>
<generatorID>59894BD1-34EB-7063-D6ED-8DC1BC1DCEA4</generatorID>
<ownerDesignName>ModBD_S2</ownerDesignName>
<indexState>Foreign Key</indexState>
<isSurrogateKey>false</isSurrogateKey>
<indexColumnUsage>
<colUsage columnID="1AF40305-AAF7-91FF-D80F-068AF91CFF96"/>
</indexColumnUsage>
</ind_PK_UK>
</indexes>
</Table>