<?xml version = '1.0' encoding = 'UTF-8'?>
<Table class="oracle.dbtools.crest.model.design.relational.Table" directorySegmentName="seg_0" id="5419879E-560B-D2AE-9B4F-F336D30EA080" name="VUELO">
<createdBy>danic</createdBy>
<createdTime>2026-01-19 15:53:43 UTC</createdTime>
<generatorID>765FB6EC-65E6-73B4-3726-F23A8B6D86AA</generatorID>
<ownerDesignName>ModBD_S2</ownerDesignName>
<allowColumnReorder>false</allowColumnReorder>
<existDependencyGenerateInDDl>true</existDependencyGenerateInDDl>
<parsed>true</parsed>
<columns itemClass="oracle.dbtools.crest.model.design.relational.Column">
<Column name="NUMERO_VUELO" id="A19ED6DD-3E21-2108-610B-CE87AFE87916">
<createdBy>danic</createdBy>
<createdTime>2026-01-19 15:53:43 UTC</createdTime>
<generatorID>5E750EDD-75C8-F3CC-43D6-33FBE85B52EC</generatorID>
<ownerDesignName>ModBD_S2</ownerDesignName>
<useDomainConstraints>false</useDomainConstraints>
<use>1</use>
<logicalDatatype>A3A3C77D-0366-9768-FF89-1C25E56881C8</logicalDatatype>
<dataTypeSize>1000</dataTypeSize>
<ownDataTypeParameters>1000,,</ownDataTypeParameters>
<autoIncrementCycle>false</autoIncrementCycle>
</Column>
<Column name="Fecha_Despegue" id="FA0BD95A-2A7B-7AAA-665F-F70568B341ED">
<createdBy>danic</createdBy>
<createdTime>2026-01-19 15:53:43 UTC</createdTime>
<generatorID>6FFD614A-1227-877A-7985-305D33EAD590</generatorID>
<ownerDesignName>ModBD_S2</ownerDesignName>
<useDomainConstraints>false</useDomainConstraints>
<use>1</use>
<logicalDatatype>LOGDT007</logicalDatatype>
<ownDataTypeParameters>,,</ownDataTypeParameters>
<autoIncrementCycle>false</autoIncrementCycle>
</Column>
<Column name="Fecha_Llegada" id="479A4C4A-BA0C-6D37-9EAE-68362EC58CBF">
<createdBy>danic</createdBy>
<createdTime>2026-01-19 15:53:43 UTC</createdTime>
<generatorID>F98FF207-0AD6-733E-CB8A-83D66F0403B9</generatorID>
<ownerDesignName>ModBD_S2</ownerDesignName>
<useDomainConstraints>false</useDomainConstraints>
<use>1</use>
<logicalDatatype>LOGDT007</logicalDatatype>
<ownDataTypeParameters>,,</ownDataTypeParameters>
<autoIncrementCycle>false</autoIncrementCycle>
</Column>
<Column name="Ciudad_Destino" id="D358C130-8873-E8EA-208D-3FEF5B48EDB3">
<createdBy>danic</createdBy>
<createdTime>2026-01-19 15:53:43 UTC</createdTime>
<generatorID>34616A08-82A5-CAFE-5D7B-FEAF205EF815</generatorID>
<ownerDesignName>ModBD_S2</ownerDesignName>
<useDomainConstraints>false</useDomainConstraints>
<use>1</use>
<logicalDatatype>A3A3C77D-0366-9768-FF89-1C25E56881C8</logicalDatatype>
<dataTypeSize>100</dataTypeSize>
<ownDataTypeParameters>100,,</ownDataTypeParameters>
<autoIncrementCycle>false</autoIncrementCycle>
</Column>
<Column name="Ciudad_Origen" id="EDBA9264-F0F7-33F8-DFFD-D24A767CDE1A">
<createdBy>danic</createdBy>
<createdTime>2026-01-19 15:53:43 UTC</createdTime>
<generatorID>2C010CEB-6835-D34C-53EB-FF623A4E169C</generatorID>
<ownerDesignName>ModBD_S2</ownerDesignName>
<useDomainConstraints>false</useDomainConstraints>
<use>1</use>
<logicalDatatype>A3A3C77D-0366-9768-FF89-1C25E56881C8</logicalDatatype>
<dataTypeSize>100</dataTypeSize>
<ownDataTypeParameters>100,,</ownDataTypeParameters>
<autoIncrementCycle>false</autoIncrementCycle>
</Column>
<Column name="Hora_Salida" id="C67490DD-2443-3139-588F-A395066ED4FA">
<createdBy>danic</createdBy>
<createdTime>2026-01-19 15:53:43 UTC</createdTime>
<generatorID>2A0CDD0F-D6E4-0D26-7A88-643FCFE65F3F</generatorID>
<ownerDesignName>ModBD_S2</ownerDesignName>
<useDomainConstraints>false</useDomainConstraints>
<use>1</use>
<logicalDatatype>LOGDT008</logicalDatatype>
<ownDataTypeParameters>,,</ownDataTypeParameters>
<autoIncrementCycle>false</autoIncrementCycle>
</Column>
<Column name="AVION_MATRICULA" id="21FA27CA-E768-5844-E77E-CD5D4E3FF7E9">
<createdBy>danic</createdBy>
<createdTime>2026-01-19 15:53:43 UTC</createdTime>
<generatorID>1C2B7C41-432E-C29C-09A2-60B1557B9365</generatorID>
<ownerDesignName>ModBD_S2</ownerDesignName>
<nullsAllowed>true</nullsAllowed>
<useDomainConstraints>false</useDomainConstraints>
<use>1</use>
<logicalDatatype>LOGDT019</logicalDatatype>
<ownDataTypeParameters>,,</ownDataTypeParameters>
<previousColumn>false</previousColumn>
<autoIncrementCycle>false</autoIncrementCycle>
<associations>
<colAssociation fkAssociation="B2591267-4163-1906-F0F2-74CA6DDF5FE0" referredColumn="B884A8B8-51DF-710D-CDD0-440BA70A72D7"/>
</associations>
</Column>
<Column name="ADMINISTRATIVO_RUT" id="D96351C7-9FFF-102B-AF50-DABD687B47C9">
<createdBy>danic</createdBy>
<createdTime>2026-01-19 15:53:43 UTC</createdTime>
<generatorID>1B4778D5-0EB9-6F5E-DF3B-EBEBE6844349</generatorID>
<ownerDesignName>ModBD_S2</ownerDesignName>
<useDomainConstraints>false</useDomainConstraints>
<use>1</use>
<logicalDatatype>A3A3C77D-0366-9768-FF89-1C25E56881C8</logicalDatatype>
<dataTypeSize>20</dataTypeSize>
<ownDataTypeParameters>,,</ownDataTypeParameters>
<previousColumn>false</previousColumn>
<autoIncrementCycle>false</autoIncrementCycle>
<associations>
<colAssociation fkAssociation="77D527C1-BF48-3498-02AD-360483F380CE" referredColumn="A3226C55-BBF9-FF59-11F8-EFF03AA9B2F7"/>
</associations>
</Column>
</columns>
<indexes itemClass="oracle.dbtools.crest.model.design.relational.Index">
<ind_PK_UK id="D2E74B4C-EF94-BD04-07F3-38DFADB4C14E" name="VUELO_PK">
<createdBy>danic</createdBy>
<createdTime>2026-01-19 15:53:43 UTC</createdTime>
<generatorID>035624AC-8BC9-2CE6-8EBB-54B58997E3C8</generatorID>
<ownerDesignName>ModBD_S2</ownerDesignName>
<pk>true</pk>
<indexState>Primary Constraint</indexState>
<isSurrogateKey>false</isSurrogateKey>
<indexColumnUsage>
<colUsage columnID="A19ED6DD-3E21-2108-610B-CE87AFE87916"/>
</indexColumnUsage>
</ind_PK_UK>
<ind_PK_UK id="2E05EBC6-8ECF-E28E-6F98-7AF712BB46EB" name="VUELO_AVION_FK">
<createdBy>danic</createdBy>
<createdTime>2026-01-19 15:53:43 UTC</createdTime>
<generatorID>6A1BDC04-9A3A-0C65-EC2A-631218A44F42</generatorID>
<ownerDesignName>ModBD_S2</ownerDesignName>
<indexState>Foreign Key</indexState>
<isSurrogateKey>false</isSurrogateKey>
<indexColumnUsage>
<colUsage columnID="21FA27CA-E768-5844-E77E-CD5D4E3FF7E9"/>
</indexColumnUsage>
</ind_PK_UK>
<ind_PK_UK id="6162B92E-7466-6060-4AC0-8007BF86F501" name="VUELO_ADMINISTRATIVO_FK">
<createdBy>danic</createdBy>
<createdTime>2026-01-19 15:53:43 UTC</createdTime>
<generatorID>D5AF4A88-435E-56B8-32BE-606A11EB3CB9</generatorID>
<ownerDesignName>ModBD_S2</ownerDesignName>
<indexState>Foreign Key</indexState>
<isSurrogateKey>false</isSurrogateKey>
<indexColumnUsage>
<colUsage columnID="D96351C7-9FFF-102B-AF50-DABD687B47C9"/>
</indexColumnUsage>
</ind_PK_UK>
</indexes>
</Table>