<?xml version = '1.0' encoding = 'UTF-8'?>
<Table class="oracle.dbtools.crest.model.design.relational.Table" directorySegmentName="seg_0" id="66F70E1F-5EF7-7ED7-E857-510E164C181E" name="ADMINISTRATIVO">
<createdBy>danic</createdBy>
<createdTime>2026-01-19 15:53:43 UTC</createdTime>
<generatorID>9778D27F-166A-825A-6DBD-19FC333A543F</generatorID>
<ownerDesignName>ModBD_S2</ownerDesignName>
<allowColumnReorder>false</allowColumnReorder>
<existDependencyGenerateInDDl>true</existDependencyGenerateInDDl>
<parsed>true</parsed>
<columns itemClass="oracle.dbtools.crest.model.design.relational.Column">
<Column name="RUT" id="A3226C55-BBF9-FF59-11F8-EFF03AA9B2F7">
<createdBy>danic</createdBy>
<createdTime>2026-01-19 15:53:43 UTC</createdTime>
<generatorID>834E88B7-F1E4-A8D5-CAA0-4BBCEAABEE15</generatorID>
<ownerDesignName>ModBD_S2</ownerDesignName>
<useDomainConstraints>false</useDomainConstraints>
<use>1</use>
<logicalDatatype>A3A3C77D-0366-9768-FF89-1C25E56881C8</logicalDatatype>
<dataTypeSize>20</dataTypeSize>
<ownDataTypeParameters>,,</ownDataTypeParameters>
<autoIncrementCycle>false</autoIncrementCycle>
<associations>
<colAssociation fkAssociation="EC49AA9E-2FAE-578A-007B-EF5A5CBC53D8" referredColumn="741C7763-3990-75C2-AD2C-93A5BC83E804"/>
</associations>
</Column>
<Column name="Horas_Extras" id="192093F2-4369-217B-BAC8-EC65B6C5507C">
<createdBy>danic</createdBy>
<createdTime>2026-01-19 15:53:43 UTC</createdTime>
<generatorID>81C3EF8C-0F74-83A8-C233-5752F9137879</generatorID>
<ownerDesignName>ModBD_S2</ownerDesignName>
<useDomainConstraints>false</useDomainConstraints>
<use>1</use>
<logicalDatatype>LOGDT019</logicalDatatype>
<ownDataTypeParameters>,,</ownDataTypeParameters>
<autoIncrementCycle>false</autoIncrementCycle>
</Column>
</columns>
<indexes itemClass="oracle.dbtools.crest.model.design.relational.Index">
<ind_PK_UK id="C98D3099-B60E-9AAA-E4F6-40B5995B7ABB" name="ADMINISTRATIVO_PK">
<createdBy>danic</createdBy>
<createdTime>2026-01-19 15:53:43 UTC</createdTime>
<generatorID>C19EAA2C-3425-9FE4-9C4E-67DF8E3F833C</generatorID>
<ownerDesignName>ModBD_S2</ownerDesignName>
<pk>true</pk>
<indexState>Primary Constraint</indexState>
<isSurrogateKey>false</isSurrogateKey>
<indexColumnUsage>
<colUsage columnID="A3226C55-BBF9-FF59-11F8-EFF03AA9B2F7"/>
</indexColumnUsage>
</ind_PK_UK>
<ind_PK_UK id="080DCB9F-1254-DFBA-0440-A0B46C06BB9B" name="ADMINISTRATIVO_EMPLEADO_FK">
<createdBy>danic</createdBy>
<createdTime>2026-01-19 15:53:43 UTC</createdTime>
<generatorID>819386E0-98B9-A0D8-8614-BBD70FB88C97</generatorID>
<ownerDesignName>ModBD_S2</ownerDesignName>
<indexState>Foreign Key</indexState>
<isSurrogateKey>false</isSurrogateKey>
<indexColumnUsage>
<colUsage columnID="A3226C55-BBF9-FF59-11F8-EFF03AA9B2F7"/>
</indexColumnUsage>
</ind_PK_UK>
</indexes>
</Table>