<?xml version = '1.0' encoding = 'UTF-8'?>
<Table class="oracle.dbtools.crest.model.design.relational.Table" directorySegmentName="seg_0" id="68C5D8DC-4DD7-E534-DCBE-22BFB1DBCB30" name="AVION">
<createdBy>danic</createdBy>
<createdTime>2026-01-19 15:53:43 UTC</createdTime>
<generatorID>7B7F9582-8469-B87B-904E-F28AE5412097</generatorID>
<ownerDesignName>ModBD_S2</ownerDesignName>
<allowColumnReorder>false</allowColumnReorder>
<existDependencyGenerateInDDl>true</existDependencyGenerateInDDl>
<parsed>true</parsed>
<columns itemClass="oracle.dbtools.crest.model.design.relational.Column">
<Column name="MATRICULA" id="B884A8B8-51DF-710D-CDD0-440BA70A72D7">
<createdBy>danic</createdBy>
<createdTime>2026-01-19 15:53:43 UTC</createdTime>
<generatorID>BAEE4357-EF90-4E34-7C49-B46C64E3D35E</generatorID>
<ownerDesignName>ModBD_S2</ownerDesignName>
<useDomainConstraints>false</useDomainConstraints>
<use>1</use>
<logicalDatatype>LOGDT019</logicalDatatype>
<ownDataTypeParameters>,,</ownDataTypeParameters>
<autoIncrementCycle>false</autoIncrementCycle>
</Column>
<Column name="Marca" id="38B3509A-9DB0-89A0-B754-2CC5D692A6F7">
<createdBy>danic</createdBy>
<createdTime>2026-01-19 15:53:43 UTC</createdTime>
<generatorID>A7873242-9DF9-FF06-2728-B9029F8F8866</generatorID>
<ownerDesignName>ModBD_S2</ownerDesignName>
<useDomainConstraints>false</useDomainConstraints>
<use>1</use>
<logicalDatatype>A3A3C77D-0366-9768-FF89-1C25E56881C8</logicalDatatype>
<dataTypeSize>100</dataTypeSize>
<ownDataTypeParameters>100,,</ownDataTypeParameters>
<autoIncrementCycle>false</autoIncrementCycle>
</Column>
<Column name="Modelo" id="B6A3D74A-326D-06A4-6646-A3D74505F616">
<createdBy>danic</createdBy>
<createdTime>2026-01-19 15:53:43 UTC</createdTime>
<generatorID>586D8201-3E36-FE99-074F-09EF2A2B5709</generatorID>
<ownerDesignName>ModBD_S2</ownerDesignName>
<useDomainConstraints>false</useDomainConstraints>
<use>1</use>
<logicalDatatype>A3A3C77D-0366-9768-FF89-1C25E56881C8</logicalDatatype>
<dataTypeSize>100</dataTypeSize>
<ownDataTypeParameters>100,,</ownDataTypeParameters>
<autoIncrementCycle>false</autoIncrementCycle>
</Column>
<Column name="Capacidad" id="84DBB39A-5D4F-29D5-1980-83736FD73212">
<createdBy>danic</createdBy>
<createdTime>2026-01-19 15:53:43 UTC</createdTime>
<generatorID>432A96EE-0833-C207-909E-3C0ABB0BBBB5</generatorID>
<ownerDesignName>ModBD_S2</ownerDesignName>
<useDomainConstraints>false</useDomainConstraints>
<use>1</use>
<logicalDatatype>LOGDT019</logicalDatatype>
<ownDataTypeParameters>,,</ownDataTypeParameters>
<autoIncrementCycle>false</autoIncrementCycle>
</Column>
</columns>
<indexes itemClass="oracle.dbtools.crest.model.design.relational.Index">
<ind_PK_UK id="465DD730-81A1-FCB1-CB7D-6767477926CA" name="AVION_PK">
<createdBy>danic</createdBy>
<createdTime>2026-01-19 15:53:43 UTC</createdTime>
<generatorID>AE50FDDB-E0FA-E7FB-FB2F-E6613047D173</generatorID>
<ownerDesignName>ModBD_S2</ownerDesignName>
<pk>true</pk>
<indexState>Primary Constraint</indexState>
<isSurrogateKey>false</isSurrogateKey>
<indexColumnUsage>
<colUsage columnID="B884A8B8-51DF-710D-CDD0-440BA70A72D7"/>
</indexColumnUsage>
</ind_PK_UK>
</indexes>
</Table>