<?xml version = '1.0' encoding = 'UTF-8'?>
<Table class="oracle.dbtools.crest.model.design.relational.Table" directorySegmentName="seg_0" id="BE3AE50F-F1EC-FCDC-611C-2FC882D7FC49" name="PILOTO">
<createdBy>danic</createdBy>
<createdTime>2026-01-19 15:53:43 UTC</createdTime>
<generatorID>11DDEB4A-418F-4E44-7161-403A3D227643</generatorID>
<ownerDesignName>ModBD_S2</ownerDesignName>
<allowColumnReorder>false</allowColumnReorder>
<existDependencyGenerateInDDl>true</existDependencyGenerateInDDl>
<parsed>true</parsed>
<columns itemClass="oracle.dbtools.crest.model.design.relational.Column">
<Column name="RUT" id="0607E916-BF92-7284-37D3-4BE9C0E35838">
<createdBy>danic</createdBy>
<createdTime>2026-01-19 15:53:43 UTC</createdTime>
<generatorID>834E88B7-F1E4-A8D5-CAA0-4BBCEAABEE15</generatorID>
<ownerDesignName>ModBD_S2</ownerDesignName>
<useDomainConstraints>false</useDomainConstraints>
<use>1</use>
<logicalDatatype>A3A3C77D-0366-9768-FF89-1C25E56881C8</logicalDatatype>
<dataTypeSize>20</dataTypeSize>
<ownDataTypeParameters>,,</ownDataTypeParameters>
<autoIncrementCycle>false</autoIncrementCycle>
<associations>
<colAssociation fkAssociation="D8DF2BFD-473A-7695-A41E-AD02BE0507AD" referredColumn="741C7763-3990-75C2-AD2C-93A5BC83E804"/>
</associations>
</Column>
<Column name="Horas_Vuelo" id="AB1D5A05-C460-6F1D-4D5D-5441C5BC0C77">
<createdBy>danic</createdBy>
<createdTime>2026-01-19 15:53:43 UTC</createdTime>
<generatorID>8FC00328-EAFA-6B64-251E-F250F7503BFB</generatorID>
<ownerDesignName>ModBD_S2</ownerDesignName>
<useDomainConstraints>false</useDomainConstraints>
<use>1</use>
<logicalDatatype>LOGDT019</logicalDatatype>
<ownDataTypeParameters>,,</ownDataTypeParameters>
<autoIncrementCycle>false</autoIncrementCycle>
</Column>
</columns>
<indexes itemClass="oracle.dbtools.crest.model.design.relational.Index">
<ind_PK_UK id="6A0F296D-EE4E-F0A8-EB96-4F448C284110" name="PILOTO_PK">
<createdBy>danic</createdBy>
<createdTime>2026-01-19 15:53:43 UTC</createdTime>
<generatorID>C19EAA2C-3425-9FE4-9C4E-67DF8E3F833C</generatorID>
<ownerDesignName>ModBD_S2</ownerDesignName>
<pk>true</pk>
<indexState>Primary Constraint</indexState>
<isSurrogateKey>false</isSurrogateKey>
<indexColumnUsage>
<colUsage columnID="0607E916-BF92-7284-37D3-4BE9C0E35838"/>
</indexColumnUsage>
</ind_PK_UK>
<ind_PK_UK id="021025F7-2B1A-F6E2-4D68-259BDCC6D9C0" name="PILOTO_EMPLEADO_FK">
<createdBy>danic</createdBy>
<createdTime>2026-01-19 15:53:43 UTC</createdTime>
<generatorID>65597342-8BAB-CBE7-B9FD-5A1401999144</generatorID>
<ownerDesignName>ModBD_S2</ownerDesignName>
<indexState>Foreign Key</indexState>
<isSurrogateKey>false</isSurrogateKey>
<indexColumnUsage>
<colUsage columnID="0607E916-BF92-7284-37D3-4BE9C0E35838"/>
</indexColumnUsage>
</ind_PK_UK>
</indexes>
</Table>