<?xml version = '1.0' encoding = 'UTF-8'?>
<Table class="oracle.dbtools.crest.model.design.relational.Table" directorySegmentName="seg_0" id="CB662F17-A9E6-C09D-E0C8-1B3915B30B6D" name="PASAJERO">
<createdBy>danic</createdBy>
<createdTime>2026-01-19 15:53:43 UTC</createdTime>
<generatorID>F43F75B3-6354-5E70-F34B-E0BAA03D1011</generatorID>
<ownerDesignName>ModBD_S2</ownerDesignName>
<allowColumnReorder>false</allowColumnReorder>
<existDependencyGenerateInDDl>true</existDependencyGenerateInDDl>
<parsed>true</parsed>
<columns itemClass="oracle.dbtools.crest.model.design.relational.Column">
<Column name="PASAPORTE_O_CEDULA" id="F799239A-C6EB-0D65-809C-1422995A5E2E">
<createdBy>danic</createdBy>
<createdTime>2026-01-19 15:53:43 UTC</createdTime>
<generatorID>0EC48382-84B9-4D83-4F3D-0FA7017E4255</generatorID>
<ownerDesignName>ModBD_S2</ownerDesignName>
<useDomainConstraints>false</useDomainConstraints>
<use>1</use>
<logicalDatatype>A3A3C77D-0366-9768-FF89-1C25E56881C8</logicalDatatype>
<dataTypeSize>20</dataTypeSize>
<ownDataTypeParameters>20,,</ownDataTypeParameters>
<autoIncrementCycle>false</autoIncrementCycle>
</Column>
<Column name="Nombre_Completo" id="59CCCB79-AFC0-EE14-6B8D-1AC4EB1D2E4F">
<createdBy>danic</createdBy>
<createdTime>2026-01-19 15:53:43 UTC</createdTime>
<generatorID>C89E57F8-3F3B-AFC1-53BF-5725159B6D50</generatorID>
<ownerDesignName>ModBD_S2</ownerDesignName>
<useDomainConstraints>false</useDomainConstraints>
<use>1</use>
<logicalDatatype>A3A3C77D-0366-9768-FF89-1C25E56881C8</logicalDatatype>
<dataTypeSize>100</dataTypeSize>
<ownDataTypeParameters>100,,</ownDataTypeParameters>
<autoIncrementCycle>false</autoIncrementCycle>
</Column>
<Column name="Fecha_Nacimiento" id="020F9CB1-2436-8D58-38D4-FD44C83E14C8">
<createdBy>danic</createdBy>
<createdTime>2026-01-19 15:53:43 UTC</createdTime>
<generatorID>B1037147-82C8-9E03-294A-5816DB706C88</generatorID>
<ownerDesignName>ModBD_S2</ownerDesignName>
<useDomainConstraints>false</useDomainConstraints>
<use>1</use>
<logicalDatatype>LOGDT007</logicalDatatype>
<ownDataTypeParameters>,,</ownDataTypeParameters>
<autoIncrementCycle>false</autoIncrementCycle>
</Column>
<Column name="Nacionalidad" id="95E1C1C7-29F7-5EC5-D3C8-0BC40DEF279F">
<createdBy>danic</createdBy>
<createdTime>2026-01-19 15:53:43 UTC</createdTime>
<generatorID>055B7158-D6F7-946B-9372-89442DD2C0AE</generatorID>
<ownerDesignName>ModBD_S2</ownerDesignName>
<useDomainConstraints>false</useDomainConstraints>
<use>1</use>
<logicalDatatype>A3A3C77D-0366-9768-FF89-1C25E56881C8</logicalDatatype>
<dataTypeSize>100</dataTypeSize>
<ownDataTypeParameters>100,,</ownDataTypeParameters>
<autoIncrementCycle>false</autoIncrementCycle>
</Column>
<Column name="Contacto" id="2D8FDEAB-509E-AF75-EE4D-0415E07270B6">
<createdBy>danic</createdBy>
<createdTime>2026-01-19 15:53:43 UTC</createdTime>
<generatorID>70DF8116-BFC3-7D8E-4291-AEAD3C88010B</generatorID>
<ownerDesignName>ModBD_S2</ownerDesignName>
<nullsAllowed>true</nullsAllowed>
<useDomainConstraints>false</useDomainConstraints>
<use>1</use>
<logicalDatatype>A3A3C77D-0366-9768-FF89-1C25E56881C8</logicalDatatype>
<dataTypeSize>30</dataTypeSize>
<ownDataTypeParameters>30,,</ownDataTypeParameters>
<autoIncrementCycle>false</autoIncrementCycle>
</Column>
</columns>
<indexes itemClass="oracle.dbtools.crest.model.design.relational.Index">
<ind_PK_UK id="C8DC3EDB-502E-AD25-A447-8D434215A1F2" name="PASAJERO_PK">
<createdBy>danic</createdBy>
<createdTime>2026-01-19 15:53:43 UTC</createdTime>
<generatorID>8ABE0C9A-A8AC-F26E-6B5F-341B79DE696B</generatorID>
<ownerDesignName>ModBD_S2</ownerDesignName>
<pk>true</pk>
<indexState>Primary Constraint</indexState>
<isSurrogateKey>false</isSurrogateKey>
<indexColumnUsage>
<colUsage columnID="F799239A-C6EB-0D65-809C-1422995A5E2E"/>
</indexColumnUsage>
</ind_PK_UK>
</indexes>
</Table>