<?xml version = '1.0' encoding = 'UTF-8'?>
<Table class="oracle.dbtools.crest.model.design.relational.Table" directorySegmentName="seg_0" id="FA703E91-DD11-CA01-4286-D53680F3CD98" name="EQUIPAJE">
<createdBy>danic</createdBy>
<createdTime>2026-01-19 15:53:43 UTC</createdTime>
<generatorID>5CE9DDBD-9E6D-03BC-1207-819030905C6A</generatorID>
<ownerDesignName>ModBD_S2</ownerDesignName>
<allowColumnReorder>false</allowColumnReorder>
<existDependencyGenerateInDDl>true</existDependencyGenerateInDDl>
<parsed>true</parsed>
<columns itemClass="oracle.dbtools.crest.model.design.relational.Column">
<Column name="CODIGO" id="5DFF0E71-ABAB-F9D4-CABA-8455C460849D">
<createdBy>danic</createdBy>
<createdTime>2026-01-19 15:53:43 UTC</createdTime>
<generatorID>FF880C01-4841-BB65-12DC-94353CDE9C9B</generatorID>
<ownerDesignName>ModBD_S2</ownerDesignName>
<useDomainConstraints>false</useDomainConstraints>
<use>1</use>
<logicalDatatype>A3A3C77D-0366-9768-FF89-1C25E56881C8</logicalDatatype>
<dataTypeSize>1000</dataTypeSize>
<ownDataTypeParameters>1000,,</ownDataTypeParameters>
<autoIncrementCycle>false</autoIncrementCycle>
</Column>
<Column name="Color" id="A4C18B0B-880E-96AC-A255-94F538DD0378">
<createdBy>danic</createdBy>
<createdTime>2026-01-19 15:53:43 UTC</createdTime>
<generatorID>2B154C2F-F0C1-9F74-B375-CD9B2834EF5C</generatorID>
<ownerDesignName>ModBD_S2</ownerDesignName>
<useDomainConstraints>false</useDomainConstraints>
<use>1</use>
<logicalDatatype>A3A3C77D-0366-9768-FF89-1C25E56881C8</logicalDatatype>
<dataTypeSize>100</dataTypeSize>
<ownDataTypeParameters>100,,</ownDataTypeParameters>
<autoIncrementCycle>false</autoIncrementCycle>
</Column>
<Column name="Peso" id="5D3E1E46-3FF4-5FEC-526F-3C784941F02B">
<createdBy>danic</createdBy>
<createdTime>2026-01-19 15:53:43 UTC</createdTime>
<generatorID>D0405C9C-F8E7-353A-C501-976273004401</generatorID>
<ownerDesignName>ModBD_S2</ownerDesignName>
<useDomainConstraints>false</useDomainConstraints>
<use>1</use>
<logicalDatatype>LOGDT019</logicalDatatype>
<dataTypePrecision>5</dataTypePrecision>
<dataTypeScale>2</dataTypeScale>
<ownDataTypeParameters>,5,2</ownDataTypeParameters>
<autoIncrementCycle>false</autoIncrementCycle>
</Column>
<Column name="Descripcion" id="E6A9FBEC-4213-3AF6-DDA4-E3F5230D99CA">
<createdBy>danic</createdBy>
<createdTime>2026-01-19 15:53:43 UTC</createdTime>
<generatorID>B31A3C21-7147-D7C7-6B86-714F28E80F71</generatorID>
<ownerDesignName>ModBD_S2</ownerDesignName>
<nullsAllowed>true</nullsAllowed>
<useDomainConstraints>false</useDomainConstraints>
<use>1</use>
<logicalDatatype>A3A3C77D-0366-9768-FF89-1C25E56881C8</logicalDatatype>
<dataTypeSize>1500</dataTypeSize>
<ownDataTypeParameters>1500,,</ownDataTypeParameters>
<autoIncrementCycle>false</autoIncrementCycle>
</Column>
<Column name="PASAJERO_PASAPORTE_O_CEDULA" id="31BFC241-574A-D71A-98F1-FE9F2B7401EA">
<createdBy>danic</createdBy>
<createdTime>2026-01-19 15:53:43 UTC</createdTime>
<generatorID>5A2AADF3-654F-0DE0-E1F1-6822CA2EE260</generatorID>
<ownerDesignName>ModBD_S2</ownerDesignName>
<useDomainConstraints>false</useDomainConstraints>
<use>1</use>
<logicalDatatype>A3A3C77D-0366-9768-FF89-1C25E56881C8</logicalDatatype>
<dataTypeSize>20</dataTypeSize>
<ownDataTypeParameters>,,</ownDataTypeParameters>
<previousColumn>false</previousColumn>
<autoIncrementCycle>false</autoIncrementCycle>
<associations>
<colAssociation fkAssociation="2E0039F4-D598-FB2C-CB69-014712E09F68" referredColumn="F799239A-C6EB-0D65-809C-1422995A5E2E"/>
</associations>
</Column>
</columns>
<indexes itemClass="oracle.dbtools.crest.model.design.relational.Index">
<ind_PK_UK id="51D8D0A0-74E1-519D-244F-ECF14CD52DE9" name="EQUIPAJE_PK">
<createdBy>danic</createdBy>
<createdTime>2026-01-19 15:53:43 UTC</createdTime>
<generatorID>0F1ABF9B-79F5-C6A1-8753-BA692E7CE247</generatorID>
<ownerDesignName>ModBD_S2</ownerDesignName>
<pk>true</pk>
<indexState>Primary Constraint</indexState>
<isSurrogateKey>false</isSurrogateKey>
<indexColumnUsage>
<colUsage columnID="5DFF0E71-ABAB-F9D4-CABA-8455C460849D"/>
<colUsage columnID="31BFC241-574A-D71A-98F1-FE9F2B7401EA"/>
</indexColumnUsage>
</ind_PK_UK>
<ind_PK_UK id="1252CDF7-FB1F-ED71-838A-A792164D1929" name="EQUIPAJE_PASAJERO_FK">
<createdBy>danic</createdBy>
<createdTime>2026-01-19 15:53:43 UTC</createdTime>
<generatorID>13AF05EA-EAFE-B469-0293-57368D218313</generatorID>
<ownerDesignName>ModBD_S2</ownerDesignName>
<indexState>Foreign Key</indexState>
<isSurrogateKey>false</isSurrogateKey>
<indexColumnUsage>
<colUsage columnID="31BFC241-574A-D71A-98F1-FE9F2B7401EA"/>
</indexColumnUsage>
</ind_PK_UK>
</indexes>
</Table>