<?xml version = '1.0' encoding = 'UTF-8'?>
<Relation class="oracle.dbtools.crest.model.design.logical.Relation" name="Relation_4" directorySegmentName="seg_0" id="41B002C8-BFA6-D788-76C1-A96F941E16C9">
<createdBy>danic</createdBy>
<createdTime>2026-01-22 19:56:45 UTC</createdTime>
<ownerDesignName>Encargo_Semana3_HiLogic</ownerDesignName>
<engineerTo>
<item key="43921964-33FD-FEE1-D6D5-74BB1D5A31BF" value="true"/>
</engineerTo>
<sourcePk>258D4EF4-D836-AB06-95EF-B51158C12E75</sourcePk>
<identifying>false</identifying>
<optionalSource>false</optionalSource>
<optionalTarget>true</optionalTarget>
<sourceCardinality>1</sourceCardinality>
<sourceEntity>F884F4CD-FDE4-B15C-2156-721D627BFB22</sourceEntity>
<targetCardinalityString>*</targetCardinalityString>
<targetEntity>239215A3-030A-A56A-0A30-A0767BE19844</targetEntity>
<transferable>true</transferable>
<deleteRule>NO ACTION</deleteRule>
</Relation>