<?xml version = '1.0' encoding = 'UTF-8'?>
<Relation class="oracle.dbtools.crest.model.design.logical.Relation" name="Relation_8" directorySegmentName="seg_0" id="583167B1-C3FC-0A07-37A1-F014E3A2924A">
<createdBy>danic</createdBy>
<createdTime>2026-01-22 19:58:35 UTC</createdTime>
<ownerDesignName>Encargo_Semana3_HiLogic</ownerDesignName>
<engineerTo>
<item key="43921964-33FD-FEE1-D6D5-74BB1D5A31BF" value="true"/>
</engineerTo>
<sourcePk>94591105-8B5A-10F3-AD7C-2057C5488A90</sourcePk>
<identifying>true</identifying>
<optionalSource>false</optionalSource>
<optionalTarget>false</optionalTarget>
<sourceCardinality>1</sourceCardinality>
<sourceEntity>439D810A-1666-E57C-AA92-37822E34EA75</sourceEntity>
<targetCardinalityString>*</targetCardinalityString>
<targetEntity>1F773604-A0D4-C8C8-DCC2-13FEC4258451</targetEntity>
<transferable>true</transferable>
<deleteRule>NO ACTION</deleteRule>
</Relation>