<?xml version = '1.0' encoding = 'UTF-8'?>
<Relation class="oracle.dbtools.crest.model.design.logical.Relation" name="Relation_2" directorySegmentName="seg_0" id="751361B5-BC5E-3172-3087-E7468D286A72">
<createdBy>danic</createdBy>
<createdTime>2026-01-22 19:55:57 UTC</createdTime>
<ownerDesignName>Encargo_Semana3_HiLogic</ownerDesignName>
<engineerTo>
<item key="43921964-33FD-FEE1-D6D5-74BB1D5A31BF" value="true"/>
</engineerTo>
<sourcePk>D3850C71-9160-09D4-BD79-836F5DC7EFD7</sourcePk>
<identifying>false</identifying>
<optionalSource>false</optionalSource>
<optionalTarget>false</optionalTarget>
<sourceCardinality>1</sourceCardinality>
<sourceEntity>963328C6-B7A1-18CA-4D47-1259D418A2D5</sourceEntity>
<targetCardinalityString>*</targetCardinalityString>
<targetEntity>BE4BC200-8F8E-4C19-EA51-DC7BB0562B35</targetEntity>
<transferable>true</transferable>
<deleteRule>NO ACTION</deleteRule>
</Relation>