<?xml version = '1.0' encoding = 'UTF-8'?>
<Relation class="oracle.dbtools.crest.model.design.logical.Relation" name="Relation_9" directorySegmentName="seg_0" id="7E131A6E-CBFF-6F77-69E4-AB670E7E146C">
<createdBy>danic</createdBy>
<createdTime>2026-01-22 19:59:12 UTC</createdTime>
<ownerDesignName>Encargo_Semana3_HiLogic</ownerDesignName>
<engineerTo>
<item key="43921964-33FD-FEE1-D6D5-74BB1D5A31BF" value="true"/>
</engineerTo>
<sourcePk>DCB4D822-D90F-ECD9-BF90-2E84DD62AF53</sourcePk>
<identifying>true</identifying>
<optionalSource>false</optionalSource>
<optionalTarget>false</optionalTarget>
<sourceCardinality>1</sourceCardinality>
<sourceEntity>C54F96A6-FDEE-4FD3-86F7-A9852A3F1EB6</sourceEntity>
<targetCardinalityString>*</targetCardinalityString>
<targetEntity>1F773604-A0D4-C8C8-DCC2-13FEC4258451</targetEntity>
<transferable>true</transferable>
<deleteRule>NO ACTION</deleteRule>
</Relation>