<?xml version = '1.0' encoding = 'UTF-8'?>
<Relation class="oracle.dbtools.crest.model.design.logical.Relation" name="Relation_7" directorySegmentName="seg_0" id="9AC69445-4F88-B386-5FAD-5F59EB79EE6C">
<createdBy>danic</createdBy>
<createdTime>2026-01-22 19:57:47 UTC</createdTime>
<ownerDesignName>Encargo_Semana3_HiLogic</ownerDesignName>
<engineerTo>
<item key="43921964-33FD-FEE1-D6D5-74BB1D5A31BF" value="true"/>
</engineerTo>
<sourcePk>D3850C71-9160-09D4-BD79-836F5DC7EFD7</sourcePk>
<identifying>false</identifying>
<optionalSource>false</optionalSource>
<optionalTarget>false</optionalTarget>
<sourceCardinality>1</sourceCardinality>
<sourceEntity>963328C6-B7A1-18CA-4D47-1259D418A2D5</sourceEntity>
<targetCardinalityString>*</targetCardinalityString>
<targetEntity>439D810A-1666-E57C-AA92-37822E34EA75</targetEntity>
<transferable>true</transferable>
<deleteRule>NO ACTION</deleteRule>
</Relation>