<?xml version = '1.0' encoding = 'UTF-8'?>
<Relation class="oracle.dbtools.crest.model.design.logical.Relation" name="Relation_3" directorySegmentName="seg_0" id="C08E42EB-5D74-BD29-7546-1A6CDDB85F11">
<createdBy>danic</createdBy>
<createdTime>2026-01-22 19:56:23 UTC</createdTime>
<ownerDesignName>Encargo_Semana3_HiLogic</ownerDesignName>
<engineerTo>
<item key="43921964-33FD-FEE1-D6D5-74BB1D5A31BF" value="true"/>
</engineerTo>
<sourcePk>258D4EF4-D836-AB06-95EF-B51158C12E75</sourcePk>
<identifying>false</identifying>
<optionalSource>false</optionalSource>
<optionalTarget>false</optionalTarget>
<sourceCardinality>1</sourceCardinality>
<sourceEntity>F884F4CD-FDE4-B15C-2156-721D627BFB22</sourceEntity>
<targetCardinalityString>*</targetCardinalityString>
<targetEntity>A9F2DCFD-3704-2E1C-BC60-D125306DD246</targetEntity>
<transferable>true</transferable>
<deleteRule>NO ACTION</deleteRule>
</Relation>