<?xml version = '1.0' encoding = 'UTF-8'?>
<Relation class="oracle.dbtools.crest.model.design.logical.Relation" name="Relation_6" directorySegmentName="seg_0" id="CA099583-5659-27B3-254E-8B9F308A234F">
<createdBy>danic</createdBy>
<createdTime>2026-01-22 19:57:28 UTC</createdTime>
<ownerDesignName>Encargo_Semana3_HiLogic</ownerDesignName>
<engineerTo>
<item key="43921964-33FD-FEE1-D6D5-74BB1D5A31BF" value="true"/>
</engineerTo>
<sourcePk>DFD40075-67CA-F7FC-CB2F-ABD68D9FB169</sourcePk>
<identifying>false</identifying>
<optionalSource>false</optionalSource>
<optionalTarget>false</optionalTarget>
<sourceCardinality>1</sourceCardinality>
<sourceEntity>41C38554-9BFA-3FAF-DD55-73A636036235</sourceEntity>
<targetCardinalityString>*</targetCardinalityString>
<targetEntity>439D810A-1666-E57C-AA92-37822E34EA75</targetEntity>
<transferable>true</transferable>
<deleteRule>NO ACTION</deleteRule>
</Relation>