<?xml version = '1.0' encoding = 'UTF-8'?>
<Relation class="oracle.dbtools.crest.model.design.logical.Relation" name="Relation_5" directorySegmentName="seg_0" id="E11BF135-B463-A7E1-6829-49E7462CFA7A">
<createdBy>danic</createdBy>
<createdTime>2026-01-22 19:57:17 UTC</createdTime>
<ownerDesignName>Encargo_Semana3_HiLogic</ownerDesignName>
<engineerTo>
<item key="43921964-33FD-FEE1-D6D5-74BB1D5A31BF" value="true"/>
</engineerTo>
<sourcePk>2BBF6E10-0C86-64CE-EB40-0495F27482F2</sourcePk>
<identifying>false</identifying>
<optionalSource>false</optionalSource>
<optionalTarget>false</optionalTarget>
<sourceCardinality>1</sourceCardinality>
<sourceEntity>323697C5-3203-BF01-A527-4AEAC32A226B</sourceEntity>
<targetCardinalityString>*</targetCardinalityString>
<targetEntity>439D810A-1666-E57C-AA92-37822E34EA75</targetEntity>
<transferable>true</transferable>
<deleteRule>NO ACTION</deleteRule>
</Relation>