<?xml version = '1.0' encoding = 'UTF-8'?>
<FKArc class="oracle.dbtools.crest.model.design.relational.FKArc" directorySegmentName="seg_0" id="9CF04CB9-4035-64BE-9267-AA18C38718CE" name="FKArc_1">
<createdBy>danic</createdBy>
<createdTime>2026-01-19 15:53:43 UTC</createdTime>
<ownerDesignName>ModBD_S2</ownerDesignName>
<mandatory>false</mandatory>
<reverseArc>true</reverseArc>
<table>FDB21BC5-15CA-356C-2AA1-A0C10AFC2951</table>
<fkeys>
<fkeyID>D8DF2BFD-473A-7695-A41E-AD02BE0507AD</fkeyID>
<fkeyID>EC49AA9E-2FAE-578A-007B-EF5A5CBC53D8</fkeyID>
</fkeys>
</FKArc>