<?xml version = '1.0' encoding = 'UTF-8'?>
<Relation class="oracle.dbtools.crest.model.design.logical.InheritanceRelation" name="Hierarchy_1" directorySegmentName="seg_0" id="33227A7F-F191-8754-DF76-E8A6EF0F31A6">
<createdBy>danic</createdBy>
<createdTime>2026-01-22 19:29:03 UTC</createdTime>
<ownerDesignName>Encargo_Semana3_HiLogic</ownerDesignName>
<engineerTo>
<item key="43921964-33FD-FEE1-D6D5-74BB1D5A31BF" value="true"/>
</engineerTo>
<identifying>false</identifying>
<nameOnSource>Super Type</nameOnSource>
<nameOnTarget>Sub Type</nameOnTarget>
<optionalSource>true</optionalSource>
<optionalTarget>true</optionalTarget>
<sourceEntity>41C38554-9BFA-3FAF-DD55-73A636036235</sourceEntity>
<targetEntity>0B9506F2-F004-A487-4575-4C5F87768DC0</targetEntity>
<transferable>true</transferable>
<deleteRule>NO ACTION</deleteRule>
</Relation>