<?xml version = '1.0' encoding = 'UTF-8'?>
<Entity class="oracle.dbtools.crest.model.design.logical.Entity" directorySegmentName="seg_0" id="1CEDE23A-D83F-FAAE-896C-081CDCF1DE99" name="RESERVA">
<createdBy>danic</createdBy>
<createdTime>2026-01-19 15:09:53 UTC</createdTime>
<ownerDesignName>ModBD_S2</ownerDesignName>
<engineerTo>
<item key="BD36BEFC-97D9-B304-EB84-0D2423861D9B" value="true"/>
</engineerTo>
<adequatelyNormalized>NO</adequatelyNormalized>
<expectedVolumes>0</expectedVolumes>
<fwdEngineeringStrategyName>Single Table</fwdEngineeringStrategyName>
<growthPercent>0</growthPercent>
<growthType>Year</growthType>
<maxVolumes>9999999</maxVolumes>
<minVolumes>0</minVolumes>
<normalForm>Third</normalForm>
<attributes itemClass="oracle.dbtools.crest.model.design.logical.Attribute">
<Attribute name="NUMERO_RESERVA" id="4058B5E1-293C-7200-409D-8818C5E5E10F">
<createdBy>danic</createdBy>
<createdTime>2026-01-19 15:10:05 UTC</createdTime>
<ownerDesignName>ModBD_S2</ownerDesignName>
<engineerTo>
<item key="BD36BEFC-97D9-B304-EB84-0D2423861D9B" value="true"/>
</engineerTo>
<useDomainConstraints>false</useDomainConstraints>
<use>1</use>
<logicalDatatype>A3A3C77D-0366-9768-FF89-1C25E56881C8</logicalDatatype>
<ownDataTypeParameters>,,</ownDataTypeParameters>
</Attribute>
<Attribute name="Fecha_Reserva" id="9A3CC19E-540A-FF84-36F1-4A1D98EA8EF4">
<createdBy>danic</createdBy>
<createdTime>2026-01-19 15:10:23 UTC</createdTime>
<ownerDesignName>ModBD_S2</ownerDesignName>
<engineerTo>
<item key="BD36BEFC-97D9-B304-EB84-0D2423861D9B" value="true"/>
</engineerTo>
<useDomainConstraints>false</useDomainConstraints>
<use>1</use>
<logicalDatatype>LOGDT007</logicalDatatype>
<ownDataTypeParameters>,,</ownDataTypeParameters>
</Attribute>
<Attribute name="Fecha_Viaje" id="3C4BB602-E8BB-9495-921E-69D54C906A0F">
<createdBy>danic</createdBy>
<createdTime>2026-01-19 15:17:06 UTC</createdTime>
<ownerDesignName>ModBD_S2</ownerDesignName>
<engineerTo>
<item key="BD36BEFC-97D9-B304-EB84-0D2423861D9B" value="true"/>
</engineerTo>
<useDomainConstraints>false</useDomainConstraints>
<use>1</use>
<logicalDatatype>LOGDT007</logicalDatatype>
<ownDataTypeParameters>,,</ownDataTypeParameters>
</Attribute>
<Attribute name="Estado" id="871C5901-13D4-E3DF-1C90-BD985CA89115">
<createdBy>danic</createdBy>
<createdTime>2026-01-19 15:17:18 UTC</createdTime>
<ownerDesignName>ModBD_S2</ownerDesignName>
<engineerTo>
<item key="BD36BEFC-97D9-B304-EB84-0D2423861D9B" value="true"/>
</engineerTo>
<useDomainConstraints>false</useDomainConstraints>
<use>1</use>
<logicalDatatype>A3A3C77D-0366-9768-FF89-1C25E56881C8</logicalDatatype>
<ownDataTypeParameters>,,</ownDataTypeParameters>
</Attribute>
<Attribute name="NUMERO_VUELO" id="381A48EA-3395-4A7A-3089-D26238B4F425">
<createdBy>danic</createdBy>
<createdTime>2026-01-19 15:39:05 UTC</createdTime>
<generatorID>18062F49-DBFE-2ACF-C99B-2E83BC15B18E</generatorID>
<ownerDesignName>ModBD_S2</ownerDesignName>
<engineerTo>
<item key="BD36BEFC-97D9-B304-EB84-0D2423861D9B" value="true"/>
</engineerTo>
<nullsAllowed>true</nullsAllowed>
<referedAttribute>5E750EDD-75C8-F3CC-43D6-33FBE85B52EC</referedAttribute>
<useDomainConstraints>false</useDomainConstraints>
<use>1</use>
<logicalDatatype>A3A3C77D-0366-9768-FF89-1C25E56881C8</logicalDatatype>
<ownDataTypeParameters>,,</ownDataTypeParameters>
</Attribute>
<Attribute name="PASAPORTE_O_CEDULA" id="B896159F-12A7-06B6-3A62-D88A7A5177B8">
<createdBy>danic</createdBy>
<createdTime>2026-01-19 15:40:21 UTC</createdTime>
<generatorID>59894BD1-34EB-7063-D6ED-8DC1BC1DCEA4</generatorID>
<ownerDesignName>ModBD_S2</ownerDesignName>
<engineerTo>
<item key="BD36BEFC-97D9-B304-EB84-0D2423861D9B" value="true"/>
</engineerTo>
<referedAttribute>0EC48382-84B9-4D83-4F3D-0FA7017E4255</referedAttribute>
<useDomainConstraints>false</useDomainConstraints>
<use>1</use>
<logicalDatatype>A3A3C77D-0366-9768-FF89-1C25E56881C8</logicalDatatype>
<ownDataTypeParameters>,,</ownDataTypeParameters>
</Attribute>
</attributes>
<identifiers itemClass="oracle.dbtools.crest.model.design.logical.CandidateKey">
<identifier id="2191E168-D33F-9D60-96AD-1066872F82AD" name="RESERVA PK">
<createdBy>danic</createdBy>
<createdTime>2026-01-19 15:10:21 UTC</createdTime>
<ownerDesignName>ModBD_S2</ownerDesignName>
<engineerTo>
<item key="BD36BEFC-97D9-B304-EB84-0D2423861D9B" value="true"/>
</engineerTo>
<pk>true</pk>
<usedAttributes>
<attributeRef>4058B5E1-293C-7200-409D-8818C5E5E10F</attributeRef>
</usedAttributes>
</identifier>
</identifiers>
</Entity>