<?xml version = '1.0' encoding = 'UTF-8'?>
<Entity class="oracle.dbtools.crest.model.design.logical.Entity" directorySegmentName="seg_0" id="3E5EC312-0E0A-F883-A800-E4A6466A267D" name="EMPLEADO">
<createdBy>danic</createdBy>
<createdTime>2026-01-19 15:20:28 UTC</createdTime>
<ownerDesignName>ModBD_S2</ownerDesignName>
<engineerTo>
<item key="BD36BEFC-97D9-B304-EB84-0D2423861D9B" value="true"/>
</engineerTo>
<adequatelyNormalized>NO</adequatelyNormalized>
<expectedVolumes>0</expectedVolumes>
<fwdEngineeringStrategyName>Single Table</fwdEngineeringStrategyName>
<growthPercent>0</growthPercent>
<growthType>Year</growthType>
<maxVolumes>9999999</maxVolumes>
<minVolumes>0</minVolumes>
<normalForm>Third</normalForm>
<attributes itemClass="oracle.dbtools.crest.model.design.logical.Attribute">
<Attribute name="RUT" id="834E88B7-F1E4-A8D5-CAA0-4BBCEAABEE15">
<createdBy>danic</createdBy>
<createdTime>2026-01-19 15:20:46 UTC</createdTime>
<ownerDesignName>ModBD_S2</ownerDesignName>
<engineerTo>
<item key="BD36BEFC-97D9-B304-EB84-0D2423861D9B" value="true"/>
</engineerTo>
<useDomainConstraints>false</useDomainConstraints>
<use>1</use>
<logicalDatatype>A3A3C77D-0366-9768-FF89-1C25E56881C8</logicalDatatype>
<ownDataTypeParameters>,,</ownDataTypeParameters>
</Attribute>
<Attribute name="Nombre_Completo" id="4449FEEA-D676-46B6-8206-CD0174706EE6">
<createdBy>danic</createdBy>
<createdTime>2026-01-19 15:20:54 UTC</createdTime>
<ownerDesignName>ModBD_S2</ownerDesignName>
<engineerTo>
<item key="BD36BEFC-97D9-B304-EB84-0D2423861D9B" value="true"/>
</engineerTo>
<useDomainConstraints>false</useDomainConstraints>
<use>1</use>
<logicalDatatype>A3A3C77D-0366-9768-FF89-1C25E56881C8</logicalDatatype>
<ownDataTypeParameters>,,</ownDataTypeParameters>
</Attribute>
<Attribute name="Direccion" id="C793E7EF-FF7C-CC16-D0DF-A663D5C6A8F8">
<createdBy>danic</createdBy>
<createdTime>2026-01-19 15:21:11 UTC</createdTime>
<ownerDesignName>ModBD_S2</ownerDesignName>
<engineerTo>
<item key="BD36BEFC-97D9-B304-EB84-0D2423861D9B" value="true"/>
</engineerTo>
<useDomainConstraints>false</useDomainConstraints>
<use>1</use>
<logicalDatatype>A3A3C77D-0366-9768-FF89-1C25E56881C8</logicalDatatype>
<ownDataTypeParameters>,,</ownDataTypeParameters>
</Attribute>
<Attribute name="Sueldo_Base" id="A4E26727-7327-3201-2427-FE980A0070FE">
<createdBy>danic</createdBy>
<createdTime>2026-01-19 15:21:21 UTC</createdTime>
<ownerDesignName>ModBD_S2</ownerDesignName>
<engineerTo>
<item key="BD36BEFC-97D9-B304-EB84-0D2423861D9B" value="true"/>
</engineerTo>
<useDomainConstraints>false</useDomainConstraints>
<use>1</use>
<logicalDatatype>LOGDT019</logicalDatatype>
<ownDataTypeParameters>,,</ownDataTypeParameters>
</Attribute>
<Attribute name="Fecha_Ingreso" id="C7F3FA3C-3366-AF2F-2A00-19ED72FD59B6">
<createdBy>danic</createdBy>
<createdTime>2026-01-19 15:21:40 UTC</createdTime>
<ownerDesignName>ModBD_S2</ownerDesignName>
<engineerTo>
<item key="BD36BEFC-97D9-B304-EB84-0D2423861D9B" value="true"/>
</engineerTo>
<useDomainConstraints>false</useDomainConstraints>
<use>1</use>
<logicalDatatype>LOGDT007</logicalDatatype>
<ownDataTypeParameters>,,</ownDataTypeParameters>
</Attribute>
<Attribute name="Genero" id="CBC452AC-E6A4-32F3-C6E8-67F6D8553EA6">
<createdBy>danic</createdBy>
<createdTime>2026-01-19 15:22:02 UTC</createdTime>
<ownerDesignName>ModBD_S2</ownerDesignName>
<engineerTo>
<item key="BD36BEFC-97D9-B304-EB84-0D2423861D9B" value="true"/>
</engineerTo>
<useDomainConstraints>false</useDomainConstraints>
<use>1</use>
<logicalDatatype>A3A3C77D-0366-9768-FF89-1C25E56881C8</logicalDatatype>
<ownDataTypeParameters>,,</ownDataTypeParameters>
</Attribute>
<Attribute name="Telefono_Movil" id="96083EBE-C208-316E-D2AA-ABAC02F0AACD">
<createdBy>danic</createdBy>
<createdTime>2026-01-19 15:22:13 UTC</createdTime>
<ownerDesignName>ModBD_S2</ownerDesignName>
<engineerTo>
<item key="BD36BEFC-97D9-B304-EB84-0D2423861D9B" value="true"/>
</engineerTo>
<useDomainConstraints>false</useDomainConstraints>
<use>1</use>
<logicalDatatype>A3A3C77D-0366-9768-FF89-1C25E56881C8</logicalDatatype>
<ownDataTypeParameters>,,</ownDataTypeParameters>
</Attribute>
<Attribute name="Telefono_Contacto" id="0C4E2231-1A16-DC84-258E-49549F16B395">
<createdBy>danic</createdBy>
<createdTime>2026-01-19 15:22:37 UTC</createdTime>
<ownerDesignName>ModBD_S2</ownerDesignName>
<engineerTo>
<item key="BD36BEFC-97D9-B304-EB84-0D2423861D9B" value="true"/>
</engineerTo>
<nullsAllowed>true</nullsAllowed>
<useDomainConstraints>false</useDomainConstraints>
<use>1</use>
<logicalDatatype>A3A3C77D-0366-9768-FF89-1C25E56881C8</logicalDatatype>
<ownDataTypeParameters>,,</ownDataTypeParameters>
</Attribute>
<Attribute name="AFP" id="E7AFE8C0-27F8-9EFB-44A5-A8721B069CEE">
<createdBy>danic</createdBy>
<createdTime>2026-01-19 15:47:52 UTC</createdTime>
<ownerDesignName>ModBD_S2</ownerDesignName>
<engineerTo>
<item key="BD36BEFC-97D9-B304-EB84-0D2423861D9B" value="true"/>
</engineerTo>
<useDomainConstraints>false</useDomainConstraints>
<use>1</use>
<logicalDatatype>A3A3C77D-0366-9768-FF89-1C25E56881C8</logicalDatatype>
<ownDataTypeParameters>,,</ownDataTypeParameters>
</Attribute>
</attributes>
<identifiers itemClass="oracle.dbtools.crest.model.design.logical.CandidateKey">
<identifier id="C19EAA2C-3425-9FE4-9C4E-67DF8E3F833C" name="EMPLEADO PK">
<createdBy>danic</createdBy>
<createdTime>2026-01-19 15:20:53 UTC</createdTime>
<ownerDesignName>ModBD_S2</ownerDesignName>
<engineerTo>
<item key="BD36BEFC-97D9-B304-EB84-0D2423861D9B" value="true"/>
</engineerTo>
<pk>true</pk>
<usedAttributes>
<attributeRef>834E88B7-F1E4-A8D5-CAA0-4BBCEAABEE15</attributeRef>
</usedAttributes>
</identifier>
</identifiers>
</Entity>