<?xml version = '1.0' encoding = 'UTF-8'?>
<Entity class="oracle.dbtools.crest.model.design.logical.Entity" directorySegmentName="seg_0" id="765FB6EC-65E6-73B4-3726-F23A8B6D86AA" name="VUELO">
<createdBy>danic</createdBy>
<createdTime>2026-01-19 15:08:02 UTC</createdTime>
<ownerDesignName>ModBD_S2</ownerDesignName>
<engineerTo>
<item key="BD36BEFC-97D9-B304-EB84-0D2423861D9B" value="true"/>
</engineerTo>
<adequatelyNormalized>NO</adequatelyNormalized>
<expectedVolumes>0</expectedVolumes>
<fwdEngineeringStrategyName>Single Table</fwdEngineeringStrategyName>
<growthPercent>0</growthPercent>
<growthType>Year</growthType>
<maxVolumes>9999999</maxVolumes>
<minVolumes>0</minVolumes>
<normalForm>Third</normalForm>
<attributes itemClass="oracle.dbtools.crest.model.design.logical.Attribute">
<Attribute name="NUMERO_VUELO" id="5E750EDD-75C8-F3CC-43D6-33FBE85B52EC">
<createdBy>danic</createdBy>
<createdTime>2026-01-19 15:08:06 UTC</createdTime>
<ownerDesignName>ModBD_S2</ownerDesignName>
<engineerTo>
<item key="BD36BEFC-97D9-B304-EB84-0D2423861D9B" value="true"/>
</engineerTo>
<useDomainConstraints>false</useDomainConstraints>
<use>1</use>
<logicalDatatype>A3A3C77D-0366-9768-FF89-1C25E56881C8</logicalDatatype>
<ownDataTypeParameters>,,</ownDataTypeParameters>
</Attribute>
<Attribute name="Fecha_Despegue" id="6FFD614A-1227-877A-7985-305D33EAD590">
<createdBy>danic</createdBy>
<createdTime>2026-01-19 15:08:27 UTC</createdTime>
<ownerDesignName>ModBD_S2</ownerDesignName>
<engineerTo>
<item key="BD36BEFC-97D9-B304-EB84-0D2423861D9B" value="true"/>
</engineerTo>
<useDomainConstraints>false</useDomainConstraints>
<use>1</use>
<logicalDatatype>LOGDT007</logicalDatatype>
<ownDataTypeParameters>,,</ownDataTypeParameters>
</Attribute>
<Attribute name="Fecha_Llegada" id="F98FF207-0AD6-733E-CB8A-83D66F0403B9">
<createdBy>danic</createdBy>
<createdTime>2026-01-19 15:08:46 UTC</createdTime>
<ownerDesignName>ModBD_S2</ownerDesignName>
<engineerTo>
<item key="BD36BEFC-97D9-B304-EB84-0D2423861D9B" value="true"/>
</engineerTo>
<useDomainConstraints>false</useDomainConstraints>
<use>1</use>
<logicalDatatype>LOGDT007</logicalDatatype>
<ownDataTypeParameters>,,</ownDataTypeParameters>
</Attribute>
<Attribute name="Ciudad_Destino" id="34616A08-82A5-CAFE-5D7B-FEAF205EF815">
<createdBy>danic</createdBy>
<createdTime>2026-01-19 15:08:58 UTC</createdTime>
<ownerDesignName>ModBD_S2</ownerDesignName>
<engineerTo>
<item key="BD36BEFC-97D9-B304-EB84-0D2423861D9B" value="true"/>
</engineerTo>
<useDomainConstraints>false</useDomainConstraints>
<use>1</use>
<logicalDatatype>A3A3C77D-0366-9768-FF89-1C25E56881C8</logicalDatatype>
<ownDataTypeParameters>,,</ownDataTypeParameters>
</Attribute>
<Attribute name="Ciudad_Origen" id="2C010CEB-6835-D34C-53EB-FF623A4E169C">
<createdBy>danic</createdBy>
<createdTime>2026-01-19 15:09:14 UTC</createdTime>
<ownerDesignName>ModBD_S2</ownerDesignName>
<engineerTo>
<item key="BD36BEFC-97D9-B304-EB84-0D2423861D9B" value="true"/>
</engineerTo>
<useDomainConstraints>false</useDomainConstraints>
<use>1</use>
<logicalDatatype>A3A3C77D-0366-9768-FF89-1C25E56881C8</logicalDatatype>
<ownDataTypeParameters>,,</ownDataTypeParameters>
</Attribute>
<Attribute name="Hora_Salida" id="2A0CDD0F-D6E4-0D26-7A88-643FCFE65F3F">
<createdBy>danic</createdBy>
<createdTime>2026-01-19 15:09:23 UTC</createdTime>
<ownerDesignName>ModBD_S2</ownerDesignName>
<engineerTo>
<item key="BD36BEFC-97D9-B304-EB84-0D2423861D9B" value="true"/>
</engineerTo>
<useDomainConstraints>false</useDomainConstraints>
<use>1</use>
<logicalDatatype>LOGDT008</logicalDatatype>
<ownDataTypeParameters>,,</ownDataTypeParameters>
</Attribute>
<Attribute name="MATRICULA" id="1C2B7C41-432E-C29C-09A2-60B1557B9365">
<createdBy>danic</createdBy>
<createdTime>2026-01-19 15:38:15 UTC</createdTime>
<generatorID>6A1BDC04-9A3A-0C65-EC2A-631218A44F42</generatorID>
<ownerDesignName>ModBD_S2</ownerDesignName>
<engineerTo>
<item key="BD36BEFC-97D9-B304-EB84-0D2423861D9B" value="true"/>
</engineerTo>
<nullsAllowed>true</nullsAllowed>
<referedAttribute>BAEE4357-EF90-4E34-7C49-B46C64E3D35E</referedAttribute>
<useDomainConstraints>false</useDomainConstraints>
<use>1</use>
<logicalDatatype>LOGDT019</logicalDatatype>
<ownDataTypeParameters>,,</ownDataTypeParameters>
</Attribute>
<Attribute name="RUT" id="1B4778D5-0EB9-6F5E-DF3B-EBEBE6844349">
<createdBy>danic</createdBy>
<createdTime>2026-01-19 15:40:39 UTC</createdTime>
<generatorID>D5AF4A88-435E-56B8-32BE-606A11EB3CB9</generatorID>
<ownerDesignName>ModBD_S2</ownerDesignName>
<engineerTo>
<item key="BD36BEFC-97D9-B304-EB84-0D2423861D9B" value="true"/>
</engineerTo>
<referedAttribute>834E88B7-F1E4-A8D5-CAA0-4BBCEAABEE15</referedAttribute>
<useDomainConstraints>false</useDomainConstraints>
<use>1</use>
<logicalDatatype>A3A3C77D-0366-9768-FF89-1C25E56881C8</logicalDatatype>
<ownDataTypeParameters>,,</ownDataTypeParameters>
</Attribute>
</attributes>
<identifiers itemClass="oracle.dbtools.crest.model.design.logical.CandidateKey">
<identifier id="035624AC-8BC9-2CE6-8EBB-54B58997E3C8" name="VUELO PK">
<createdBy>danic</createdBy>
<createdTime>2026-01-19 15:08:25 UTC</createdTime>
<ownerDesignName>ModBD_S2</ownerDesignName>
<engineerTo>
<item key="BD36BEFC-97D9-B304-EB84-0D2423861D9B" value="true"/>
</engineerTo>
<pk>true</pk>
<usedAttributes>
<attributeRef>5E750EDD-75C8-F3CC-43D6-33FBE85B52EC</attributeRef>
</usedAttributes>
</identifier>
</identifiers>
</Entity>