<?xml version = '1.0' encoding = 'UTF-8'?>
<Entity class="oracle.dbtools.crest.model.design.logical.Entity" directorySegmentName="seg_0" id="9778D27F-166A-825A-6DBD-19FC333A543F" name="ADMINISTRATIVO">
<createdBy>danic</createdBy>
<createdTime>2026-01-19 15:24:46 UTC</createdTime>
<ownerDesignName>ModBD_S2</ownerDesignName>
<engineerTo>
<item key="BD36BEFC-97D9-B304-EB84-0D2423861D9B" value="true"/>
</engineerTo>
<adequatelyNormalized>NO</adequatelyNormalized>
<expectedVolumes>0</expectedVolumes>
<fwdEngineeringStrategyName>Single Table</fwdEngineeringStrategyName>
<growthPercent>0</growthPercent>
<growthType>Year</growthType>
<hierarchicalParent>3E5EC312-0E0A-F883-A800-E4A6466A267D</hierarchicalParent>
<maxVolumes>9999999</maxVolumes>
<minVolumes>0</minVolumes>
<normalForm>Third</normalForm>
<attributes itemClass="oracle.dbtools.crest.model.design.logical.Attribute">
<Attribute name="Horas_Extras" id="81C3EF8C-0F74-83A8-C233-5752F9137879">
<createdBy>danic</createdBy>
<createdTime>2026-01-19 15:25:02 UTC</createdTime>
<ownerDesignName>ModBD_S2</ownerDesignName>
<engineerTo>
<item key="BD36BEFC-97D9-B304-EB84-0D2423861D9B" value="true"/>
</engineerTo>
<useDomainConstraints>false</useDomainConstraints>
<use>1</use>
<logicalDatatype>LOGDT019</logicalDatatype>
<ownDataTypeParameters>,,</ownDataTypeParameters>
</Attribute>
</attributes>
</Entity>