<?xml version = '1.0' encoding = 'UTF-8'?>
<FKIndexAssociation class="oracle.dbtools.crest.model.design.relational.FKIndexAssociation" directorySegmentName="seg_0" id="06CDD9BC-E8AC-4FAB-AF85-E8BDE4C5DC62" containerWithKeyObject="2B8657CA-3BAF-3BD1-2290-3EC34EB865FD" localFKIndex="0F0CDC32-0011-1362-CF41-F8A70BB3EE8A" name="DETALLE_BOLETA_BOLETA_FK">
<createdBy>danic</createdBy>
<createdTime>2026-01-22 20:06:17 UTC</createdTime>
<generatorID>583167B1-C3FC-0A07-37A1-F014E3A2924A</generatorID>
<ownerDesignName>Encargo_Semana3_HiLogic</ownerDesignName>
<referredTableLongName>BOLETA</referredTableLongName>
<deleteRule>NO ACTION</deleteRule>
<referredTableID>7C5DC726-13EE-82AC-867F-E7FC04F550E3</referredTableID>
<keyObject>1A571F40-BE91-FBAD-3906-15041984F25D</keyObject>
<referredKeyID>1A571F40-BE91-FBAD-3906-15041984F25D</referredKeyID>
<mandatory>true</mandatory>
<refColNames>numero_boleta</refColNames>
<transferable>true</transferable>
<rely>false</rely>
<columnDependencyConstraintGenerateInDDL>true</columnDependencyConstraintGenerateInDDL>
</FKIndexAssociation>