<?xml version = '1.0' encoding = 'UTF-8'?>
<FKIndexAssociation class="oracle.dbtools.crest.model.design.relational.FKIndexAssociation" directorySegmentName="seg_0" id="2F947C58-45BA-D4E5-5D18-706704CF1642" containerWithKeyObject="6EE6871F-6856-0317-B972-1990DCE30980" localFKIndex="89531188-F164-61B6-90AE-E11545ACE0E2" name="CONTRATO_TRABAJADOR_FK">
<createdBy>danic</createdBy>
<createdTime>2026-01-22 20:06:17 UTC</createdTime>
<generatorID>751361B5-BC5E-3172-3087-E7468D286A72</generatorID>
<ownerDesignName>Encargo_Semana3_HiLogic</ownerDesignName>
<referredTableLongName>TRABAJADOR</referredTableLongName>
<deleteRule>NO ACTION</deleteRule>
<referredTableID>56F6F4DC-B930-C642-B7EA-86EAFA2C8EF7</referredTableID>
<keyObject>A4155FA3-BBEF-CB99-6D93-3F29FE3A71F6</keyObject>
<referredKeyID>A4155FA3-BBEF-CB99-6D93-3F29FE3A71F6</referredKeyID>
<mandatory>true</mandatory>
<refColNames>rut_trabajador</refColNames>
<transferable>true</transferable>
<rely>false</rely>
<columnDependencyConstraintGenerateInDDL>true</columnDependencyConstraintGenerateInDDL>
</FKIndexAssociation>