<?xml version = '1.0' encoding = 'UTF-8'?>
<FKIndexAssociation class="oracle.dbtools.crest.model.design.relational.FKIndexAssociation" directorySegmentName="seg_0" id="430EEFE9-E006-66E5-7F4F-C0DCC469513D" containerWithKeyObject="7C5DC726-13EE-82AC-867F-E7FC04F550E3" localFKIndex="B9869AE1-BC97-77D4-4778-8CA74DBBE179" name="BOLETA_TRABAJADOR_FK">
<createdBy>danic</createdBy>
<createdTime>2026-01-22 20:06:17 UTC</createdTime>
<generatorID>9AC69445-4F88-B386-5FAD-5F59EB79EE6C</generatorID>
<ownerDesignName>Encargo_Semana3_HiLogic</ownerDesignName>
<referredTableLongName>TRABAJADOR</referredTableLongName>
<deleteRule>NO ACTION</deleteRule>
<referredTableID>56F6F4DC-B930-C642-B7EA-86EAFA2C8EF7</referredTableID>
<keyObject>A4155FA3-BBEF-CB99-6D93-3F29FE3A71F6</keyObject>
<referredKeyID>A4155FA3-BBEF-CB99-6D93-3F29FE3A71F6</referredKeyID>
<mandatory>true</mandatory>
<refColNames>rut_trabajador</refColNames>
<transferable>true</transferable>
<rely>false</rely>
<columnDependencyConstraintGenerateInDDL>true</columnDependencyConstraintGenerateInDDL>
</FKIndexAssociation>