<?xml version = '1.0' encoding = 'UTF-8'?>
<FKIndexAssociation class="oracle.dbtools.crest.model.design.relational.FKIndexAssociation" directorySegmentName="seg_0" id="4EA4CBC4-4B7A-C7DB-F03E-7F8D47F0E471" containerWithKeyObject="48CDE758-E33A-4105-41E9-FA12BDBF1D11" localFKIndex="890B6804-C680-5853-3C71-1CCD6667CA59" name="CLIENTE_VIP_CLIENTE_FK">
<createdBy>danic</createdBy>
<createdTime>2026-01-22 20:06:17 UTC</createdTime>
<generatorID>33227A7F-F191-8754-DF76-E8A6EF0F31A6</generatorID>
<ownerDesignName>Encargo_Semana3_HiLogic</ownerDesignName>
<referredTableLongName>CLIENTE</referredTableLongName>
<arc>FF7F51ED-9249-5D46-1EC9-78ACC7F84261</arc>
<deleteRule>NO ACTION</deleteRule>
<referredTableID>CA760E9E-AF52-054A-67AE-4A090E1D88F0</referredTableID>
<keyObject>E210833E-FA89-5F3E-F0A1-2A0368211A0D</keyObject>
<referredKeyID>E210833E-FA89-5F3E-F0A1-2A0368211A0D</referredKeyID>
<mandatory>true</mandatory>
<refColNames>rut_cliente</refColNames>
<transferable>true</transferable>
<rely>false</rely>
<columnDependencyConstraintGenerateInDDL>true</columnDependencyConstraintGenerateInDDL>
</FKIndexAssociation>