<?xml version = '1.0' encoding = 'UTF-8'?>
<FKIndexAssociation class="oracle.dbtools.crest.model.design.relational.FKIndexAssociation" directorySegmentName="seg_0" id="667DFE29-E4A8-8F9F-CA08-F64E4182BE7F" containerWithKeyObject="20BBDBD4-CD66-7485-6997-2E656F621CE3" localFKIndex="8EBAF15B-5F77-9DCA-397C-6D8272DDD809" name="INDEFINIDO_TRABAJADOR_FK">
<createdBy>danic</createdBy>
<createdTime>2026-01-22 20:06:17 UTC</createdTime>
<generatorID>0F89F6FE-8B3D-8B78-0365-088DEE3992C1</generatorID>
<ownerDesignName>Encargo_Semana3_HiLogic</ownerDesignName>
<referredTableLongName>TRABAJADOR</referredTableLongName>
<arc>6315AD67-5B66-8BED-C5D0-77B49D804042</arc>
<deleteRule>NO ACTION</deleteRule>
<referredTableID>56F6F4DC-B930-C642-B7EA-86EAFA2C8EF7</referredTableID>
<keyObject>A4155FA3-BBEF-CB99-6D93-3F29FE3A71F6</keyObject>
<referredKeyID>A4155FA3-BBEF-CB99-6D93-3F29FE3A71F6</referredKeyID>
<mandatory>true</mandatory>
<refColNames>rut_trabajador</refColNames>
<transferable>true</transferable>
<rely>false</rely>
<columnDependencyConstraintGenerateInDDL>true</columnDependencyConstraintGenerateInDDL>
</FKIndexAssociation>