<?xml version = '1.0' encoding = 'UTF-8'?>
<FKIndexAssociation class="oracle.dbtools.crest.model.design.relational.FKIndexAssociation" directorySegmentName="seg_0" id="83034556-452D-858D-A6C4-0C3B26222956" containerWithKeyObject="71998AF2-626E-7141-1BFE-109CA6689455" localFKIndex="8E24DD83-0B14-85F6-9D02-2A83B9C8D781" name="PASANTE_CARGO_FK">
<createdBy>danic</createdBy>
<createdTime>2026-01-22 20:06:17 UTC</createdTime>
<generatorID>41B002C8-BFA6-D788-76C1-A96F941E16C9</generatorID>
<ownerDesignName>Encargo_Semana3_HiLogic</ownerDesignName>
<referredTableLongName>CARGO</referredTableLongName>
<deleteRule>NO ACTION</deleteRule>
<referredTableID>BB5505FE-7674-FA03-E259-996A71C303E9</referredTableID>
<keyObject>E6453526-2D58-466F-A127-CA74E9135171</keyObject>
<referredKeyID>E6453526-2D58-466F-A127-CA74E9135171</referredKeyID>
<mandatory>false</mandatory>
<refColNames>codigo_cargo</refColNames>
<transferable>true</transferable>
<rely>false</rely>
<columnDependencyConstraintGenerateInDDL>true</columnDependencyConstraintGenerateInDDL>
</FKIndexAssociation>