<?xml version = '1.0' encoding = 'UTF-8'?>
<FKIndexAssociation class="oracle.dbtools.crest.model.design.relational.FKIndexAssociation" directorySegmentName="seg_0" id="8E5D39AE-3971-DCD8-4714-A47B46E5D69C" containerWithKeyObject="BCD01D5A-0AEB-F521-D06E-01A4F9B86B3E" localFKIndex="B234F61C-F060-E40D-79F5-2F0D4A5614DF" name="CLIENTE_NORMAL_CLIENTE_FK">
<createdBy>danic</createdBy>
<createdTime>2026-01-22 20:06:17 UTC</createdTime>
<generatorID>BC2C0A5F-6943-1DD3-F1A9-C2A117B497A1</generatorID>
<ownerDesignName>Encargo_Semana3_HiLogic</ownerDesignName>
<referredTableLongName>CLIENTE</referredTableLongName>
<arc>FF7F51ED-9249-5D46-1EC9-78ACC7F84261</arc>
<deleteRule>NO ACTION</deleteRule>
<referredTableID>CA760E9E-AF52-054A-67AE-4A090E1D88F0</referredTableID>
<keyObject>E210833E-FA89-5F3E-F0A1-2A0368211A0D</keyObject>
<referredKeyID>E210833E-FA89-5F3E-F0A1-2A0368211A0D</referredKeyID>
<mandatory>true</mandatory>
<refColNames>rut_cliente</refColNames>
<transferable>true</transferable>
<rely>false</rely>
<columnDependencyConstraintGenerateInDDL>true</columnDependencyConstraintGenerateInDDL>
</FKIndexAssociation>