<?xml version = '1.0' encoding = 'UTF-8'?>
<FKIndexAssociation class="oracle.dbtools.crest.model.design.relational.FKIndexAssociation" directorySegmentName="seg_0" id="AAE2A6C3-DB1B-BC5D-D5F8-31EA22C88E73" containerWithKeyObject="20BBDBD4-CD66-7485-6997-2E656F621CE3" localFKIndex="CEDF2D54-3201-3B3F-BC1C-6B040E670B7A" name="INDEFINIDO_CARGO_FK">
<createdBy>danic</createdBy>
<createdTime>2026-01-22 20:06:17 UTC</createdTime>
<generatorID>C08E42EB-5D74-BD29-7546-1A6CDDB85F11</generatorID>
<ownerDesignName>Encargo_Semana3_HiLogic</ownerDesignName>
<referredTableLongName>CARGO</referredTableLongName>
<deleteRule>NO ACTION</deleteRule>
<referredTableID>BB5505FE-7674-FA03-E259-996A71C303E9</referredTableID>
<keyObject>E6453526-2D58-466F-A127-CA74E9135171</keyObject>
<referredKeyID>E6453526-2D58-466F-A127-CA74E9135171</referredKeyID>
<mandatory>true</mandatory>
<refColNames>codigo_cargo</refColNames>
<transferable>true</transferable>
<rely>false</rely>
<columnDependencyConstraintGenerateInDDL>true</columnDependencyConstraintGenerateInDDL>
</FKIndexAssociation>