<?xml version = '1.0' encoding = 'UTF-8'?>
<FKIndexAssociation class="oracle.dbtools.crest.model.design.relational.FKIndexAssociation" directorySegmentName="seg_0" id="CDF0F03C-7B38-C5DC-F54F-A9CFAB99FDD1" containerWithKeyObject="2B8657CA-3BAF-3BD1-2290-3EC34EB865FD" localFKIndex="18A90AF9-AF79-3A49-A6D3-7311F5309819" name="DETALLE_BOLETA_PRODUCTO_FK">
<createdBy>danic</createdBy>
<createdTime>2026-01-22 20:06:17 UTC</createdTime>
<generatorID>7E131A6E-CBFF-6F77-69E4-AB670E7E146C</generatorID>
<ownerDesignName>Encargo_Semana3_HiLogic</ownerDesignName>
<referredTableLongName>PRODUCTO</referredTableLongName>
<deleteRule>NO ACTION</deleteRule>
<referredTableID>B3302042-BA23-693C-D99C-71F2EB6B4212</referredTableID>
<keyObject>8D47BEED-0D17-0CBB-0A14-7B036C319378</keyObject>
<referredKeyID>8D47BEED-0D17-0CBB-0A14-7B036C319378</referredKeyID>
<mandatory>true</mandatory>
<refColNames>codigo_producto</refColNames>
<transferable>true</transferable>
<rely>false</rely>
<columnDependencyConstraintGenerateInDDL>true</columnDependencyConstraintGenerateInDDL>
</FKIndexAssociation>