<?xml version = '1.0' encoding = 'UTF-8'?>
<FKIndexAssociation class="oracle.dbtools.crest.model.design.relational.FKIndexAssociation" directorySegmentName="seg_0" id="DE61727E-3962-11AE-D787-CBD533EB78AF" containerWithKeyObject="7C5DC726-13EE-82AC-867F-E7FC04F550E3" localFKIndex="3DB07011-E5F2-D0A6-23F3-ABFEF3578CE6" name="BOLETA_SUCURSAL_FK">
<createdBy>danic</createdBy>
<createdTime>2026-01-22 20:06:17 UTC</createdTime>
<generatorID>E11BF135-B463-A7E1-6829-49E7462CFA7A</generatorID>
<ownerDesignName>Encargo_Semana3_HiLogic</ownerDesignName>
<referredTableLongName>SUCURSAL</referredTableLongName>
<deleteRule>NO ACTION</deleteRule>
<referredTableID>9ECA9793-123B-AE95-43DB-9909BE603E19</referredTableID>
<keyObject>2199DD32-2386-36FC-49FE-01AED5133022</keyObject>
<referredKeyID>2199DD32-2386-36FC-49FE-01AED5133022</referredKeyID>
<mandatory>true</mandatory>
<refColNames>numero_sucursal</refColNames>
<transferable>true</transferable>
<rely>false</rely>
<columnDependencyConstraintGenerateInDDL>true</columnDependencyConstraintGenerateInDDL>
</FKIndexAssociation>