<?xml version = '1.0' encoding = 'UTF-8'?>
<FKIndexAssociation class="oracle.dbtools.crest.model.design.relational.FKIndexAssociation" directorySegmentName="seg_0" id="DED08876-BFF0-09D7-402D-EA02EEF6E2B2" containerWithKeyObject="71998AF2-626E-7141-1BFE-109CA6689455" localFKIndex="838024E2-7320-2E7D-D2BA-3BC98AF2225A" name="PASANTE_TRABAJADOR_FK">
<createdBy>danic</createdBy>
<createdTime>2026-01-22 20:06:17 UTC</createdTime>
<generatorID>A98D53D0-BD93-FD06-C112-9AC2932FF8E3</generatorID>
<ownerDesignName>Encargo_Semana3_HiLogic</ownerDesignName>
<referredTableLongName>TRABAJADOR</referredTableLongName>
<arc>6315AD67-5B66-8BED-C5D0-77B49D804042</arc>
<deleteRule>NO ACTION</deleteRule>
<referredTableID>56F6F4DC-B930-C642-B7EA-86EAFA2C8EF7</referredTableID>
<keyObject>A4155FA3-BBEF-CB99-6D93-3F29FE3A71F6</keyObject>
<referredKeyID>A4155FA3-BBEF-CB99-6D93-3F29FE3A71F6</referredKeyID>
<mandatory>true</mandatory>
<refColNames>rut_trabajador</refColNames>
<transferable>true</transferable>
<rely>false</rely>
<columnDependencyConstraintGenerateInDDL>true</columnDependencyConstraintGenerateInDDL>
</FKIndexAssociation>