<?xml version = '1.0' encoding = 'UTF-8'?>
<FKIndexAssociation class="oracle.dbtools.crest.model.design.relational.FKIndexAssociation" directorySegmentName="seg_0" id="E6871AA1-BBDB-EC42-8D5E-844243671E31" containerWithKeyObject="6EE6871F-6856-0317-B972-1990DCE30980" localFKIndex="7BB581F3-D628-51D3-46B4-20E92D5CCD93" name="CONTRATO_SUCURSAL_FK">
<createdBy>danic</createdBy>
<createdTime>2026-01-22 20:06:17 UTC</createdTime>
<generatorID>BB14E891-99E2-A401-9F13-A73C4FEA996E</generatorID>
<ownerDesignName>Encargo_Semana3_HiLogic</ownerDesignName>
<referredTableLongName>SUCURSAL</referredTableLongName>
<deleteRule>NO ACTION</deleteRule>
<referredTableID>9ECA9793-123B-AE95-43DB-9909BE603E19</referredTableID>
<keyObject>2199DD32-2386-36FC-49FE-01AED5133022</keyObject>
<referredKeyID>2199DD32-2386-36FC-49FE-01AED5133022</referredKeyID>
<mandatory>true</mandatory>
<refColNames>numero_sucursal</refColNames>
<transferable>true</transferable>
<rely>false</rely>
<columnDependencyConstraintGenerateInDDL>true</columnDependencyConstraintGenerateInDDL>
</FKIndexAssociation>