<?xml version = '1.0' encoding = 'UTF-8'?>
<FKIndexAssociation class="oracle.dbtools.crest.model.design.relational.FKIndexAssociation" directorySegmentName="seg_0" id="EB093ECF-B8C3-7F2C-EF3A-B61CFEA2238B" containerWithKeyObject="7C5DC726-13EE-82AC-867F-E7FC04F550E3" localFKIndex="EBE9CB15-0C33-94CF-DFB2-F11A57C9535C" name="BOLETA_CLIENTE_FK">
<createdBy>danic</createdBy>
<createdTime>2026-01-22 20:06:17 UTC</createdTime>
<generatorID>CA099583-5659-27B3-254E-8B9F308A234F</generatorID>
<ownerDesignName>Encargo_Semana3_HiLogic</ownerDesignName>
<referredTableLongName>CLIENTE</referredTableLongName>
<deleteRule>NO ACTION</deleteRule>
<referredTableID>CA760E9E-AF52-054A-67AE-4A090E1D88F0</referredTableID>
<keyObject>E210833E-FA89-5F3E-F0A1-2A0368211A0D</keyObject>
<referredKeyID>E210833E-FA89-5F3E-F0A1-2A0368211A0D</referredKeyID>
<mandatory>true</mandatory>
<refColNames>rut_cliente</refColNames>
<transferable>true</transferable>
<rely>false</rely>
<columnDependencyConstraintGenerateInDDL>true</columnDependencyConstraintGenerateInDDL>
</FKIndexAssociation>