<?xml version = '1.0' encoding = 'UTF-8'?>
<Relation class="oracle.dbtools.crest.model.design.logical.Relation" name="Relation_5" directorySegmentName="seg_0" id="13AF05EA-EAFE-B469-0293-57368D218313">
<createdBy>danic</createdBy>
<createdTime>2026-01-19 15:41:23 UTC</createdTime>
<ownerDesignName>ModBD_S2</ownerDesignName>
<engineerTo>
<item key="BD36BEFC-97D9-B304-EB84-0D2423861D9B" value="true"/>
</engineerTo>
<sourcePk>8ABE0C9A-A8AC-F26E-6B5F-341B79DE696B</sourcePk>
<identifying>true</identifying>
<optionalSource>true</optionalSource>
<optionalTarget>false</optionalTarget>
<sourceCardinality>1</sourceCardinality>
<sourceEntity>F43F75B3-6354-5E70-F34B-E0BAA03D1011</sourceEntity>
<targetCardinalityString>*</targetCardinalityString>
<targetEntity>5CE9DDBD-9E6D-03BC-1207-819030905C6A</targetEntity>
<transferable>true</transferable>
<deleteRule>NO ACTION</deleteRule>
</Relation>