<?xml version = '1.0' encoding = 'UTF-8'?>
<Relation class="oracle.dbtools.crest.model.design.logical.Relation" name="Relation_2" directorySegmentName="seg_0" id="18062F49-DBFE-2ACF-C99B-2E83BC15B18E">
<createdBy>danic</createdBy>
<createdTime>2026-01-19 15:39:05 UTC</createdTime>
<ownerDesignName>ModBD_S2</ownerDesignName>
<engineerTo>
<item key="BD36BEFC-97D9-B304-EB84-0D2423861D9B" value="true"/>
</engineerTo>
<sourcePk>035624AC-8BC9-2CE6-8EBB-54B58997E3C8</sourcePk>
<identifying>false</identifying>
<optionalSource>false</optionalSource>
<optionalTarget>true</optionalTarget>
<sourceCardinality>1</sourceCardinality>
<sourceEntity>765FB6EC-65E6-73B4-3726-F23A8B6D86AA</sourceEntity>
<targetCardinalityString>*</targetCardinalityString>
<targetEntity>1CEDE23A-D83F-FAAE-896C-081CDCF1DE99</targetEntity>
<transferable>true</transferable>
<deleteRule>NO ACTION</deleteRule>
</Relation>