<?xml version = '1.0' encoding = 'UTF-8'?>
<Relation class="oracle.dbtools.crest.model.design.logical.Relation" name="Relation_3" directorySegmentName="seg_0" id="59894BD1-34EB-7063-D6ED-8DC1BC1DCEA4">
<createdBy>danic</createdBy>
<createdTime>2026-01-19 15:40:21 UTC</createdTime>
<ownerDesignName>ModBD_S2</ownerDesignName>
<engineerTo>
<item key="BD36BEFC-97D9-B304-EB84-0D2423861D9B" value="true"/>
</engineerTo>
<sourcePk>8ABE0C9A-A8AC-F26E-6B5F-341B79DE696B</sourcePk>
<identifying>false</identifying>
<optionalSource>false</optionalSource>
<optionalTarget>false</optionalTarget>
<sourceCardinality>1</sourceCardinality>
<sourceEntity>F43F75B3-6354-5E70-F34B-E0BAA03D1011</sourceEntity>
<targetCardinalityString>*</targetCardinalityString>
<targetEntity>1CEDE23A-D83F-FAAE-896C-081CDCF1DE99</targetEntity>
<transferable>true</transferable>
<deleteRule>NO ACTION</deleteRule>
</Relation>