<?xml version = '1.0' encoding = 'UTF-8'?>
<Relation class="oracle.dbtools.crest.model.design.logical.Relation" name="Relation_1" directorySegmentName="seg_0" id="6A1BDC04-9A3A-0C65-EC2A-631218A44F42">
<createdBy>danic</createdBy>
<createdTime>2026-01-19 15:38:15 UTC</createdTime>
<ownerDesignName>ModBD_S2</ownerDesignName>
<engineerTo>
<item key="BD36BEFC-97D9-B304-EB84-0D2423861D9B" value="true"/>
</engineerTo>
<sourcePk>AE50FDDB-E0FA-E7FB-FB2F-E6613047D173</sourcePk>
<identifying>false</identifying>
<optionalSource>false</optionalSource>
<optionalTarget>true</optionalTarget>
<sourceCardinality>1</sourceCardinality>
<sourceEntity>7B7F9582-8469-B87B-904E-F28AE5412097</sourceEntity>
<targetCardinalityString>*</targetCardinalityString>
<targetEntity>765FB6EC-65E6-73B4-3726-F23A8B6D86AA</targetEntity>
<transferable>true</transferable>
<deleteRule>NO ACTION</deleteRule>
</Relation>