<?xml version = '1.0' encoding = 'UTF-8'?>
<Relation class="oracle.dbtools.crest.model.design.logical.Relation" name="Relation_4" directorySegmentName="seg_0" id="D5AF4A88-435E-56B8-32BE-606A11EB3CB9">
<createdBy>danic</createdBy>
<createdTime>2026-01-19 15:40:39 UTC</createdTime>
<ownerDesignName>ModBD_S2</ownerDesignName>
<engineerTo>
<item key="BD36BEFC-97D9-B304-EB84-0D2423861D9B" value="true"/>
</engineerTo>
<sourcePk>C19EAA2C-3425-9FE4-9C4E-67DF8E3F833C</sourcePk>
<identifying>false</identifying>
<optionalSource>true</optionalSource>
<optionalTarget>false</optionalTarget>
<sourceCardinality>1</sourceCardinality>
<sourceEntity>9778D27F-166A-825A-6DBD-19FC333A543F</sourceEntity>
<targetCardinalityString>*</targetCardinalityString>
<targetEntity>765FB6EC-65E6-73B4-3726-F23A8B6D86AA</targetEntity>
<transferable>true</transferable>
<deleteRule>NO ACTION</deleteRule>
</Relation>