<?xml version = '1.0' encoding = 'UTF-8'?>
<Diagram class="oracle.dbtools.crest.swingui.logical.DPVLogical" name="Logical" id="FA822CA1-6631-905F-6FBE-F8814572D1B1">
<createdBy>danic</createdBy>
<modifiedBy>danic</modifiedBy>
<createdTime>2026-01-19 15:02:22 UTC</createdTime>
<autoRoute>false</autoRoute>
<boxInbox>true</boxInbox>
<showLegend>false</showLegend>
<showLabels>false</showLabels>
<showRelAttributes>false</showRelAttributes>
<gridEnabled>false</gridEnabled>
<showGrid>false</showGrid>
<diagramColor>-1</diagramColor>
<display>false</display>
<notation>1</notation>
<objectViews>
<OView class="oracle.dbtools.crest.swingui.logical.TVEntity" oid="11DDEB4A-418F-4E44-7161-403A3D227643" otype="Entity" vid="511E915E-17B0-475F-93E4-733EC03184AA">
<hideElementsInCurrentOnly>false</hideElementsInCurrentOnly>
<bounds x="137" y="42" width="89" height="35"/>
</OView>
<OView class="oracle.dbtools.crest.swingui.logical.TVEntity" oid="1CEDE23A-D83F-FAAE-896C-081CDCF1DE99" otype="Entity" vid="CEA35BC2-F626-4168-BACD-0B8F7F3A9EA8">
<hideElementsInCurrentOnly>false</hideElementsInCurrentOnly>
<bounds x="579" y="295" width="124" height="74"/>
</OView>
<OView class="oracle.dbtools.crest.swingui.logical.TVEntity" oid="3E5EC312-0E0A-F883-A800-E4A6466A267D" otype="Entity" vid="E3C2B008-C64A-47FD-C5AA-04D89DB73358">
<hideElementsInCurrentOnly>false</hideElementsInCurrentOnly>
<bounds x="21" y="25" width="230" height="139"/>
</OView>
<OView class="oracle.dbtools.crest.swingui.logical.TVEntity" oid="5CE9DDBD-9E6D-03BC-1207-819030905C6A" otype="Entity" vid="5CDB90CA-5946-D7BB-43A3-E562FE9FFB65">
<hideElementsInCurrentOnly>false</hideElementsInCurrentOnly>
<bounds x="353" y="19" width="82" height="76"/>
</OView>
<OView class="oracle.dbtools.crest.swingui.logical.TVEntity" oid="765FB6EC-65E6-73B4-3726-F23A8B6D86AA" otype="Entity" vid="A66F1605-AD5B-2F47-5E98-D7064F72E0EF">
<hideElementsInCurrentOnly>false</hideElementsInCurrentOnly>
<bounds x="315" y="259" width="113" height="99"/>
</OView>
<OView class="oracle.dbtools.crest.swingui.logical.TVEntity" oid="7B7F9582-8469-B87B-904E-F28AE5412097" otype="Entity" vid="6F6F4864-9451-32DC-1760-97A28CEC6C73">
<hideElementsInCurrentOnly>false</hideElementsInCurrentOnly>
<bounds x="34" y="292" width="83" height="74"/>
</OView>
<OView class="oracle.dbtools.crest.swingui.logical.TVEntity" oid="9778D27F-166A-825A-6DBD-19FC333A543F" otype="Entity" vid="39CC0D3D-9833-6668-5D49-C1B94B3AB17A">
<hideElementsInCurrentOnly>false</hideElementsInCurrentOnly>
<bounds x="130" y="95" width="111" height="35"/>
</OView>
<OView class="oracle.dbtools.crest.swingui.logical.TVEntity" oid="F43F75B3-6354-5E70-F34B-E0BAA03D1011" otype="Entity" vid="FCB20E1A-07F8-D06D-7A3A-49B1BCFBD413">
<hideElementsInCurrentOnly>false</hideElementsInCurrentOnly>
<bounds x="548" y="124" width="151" height="86"/>
</OView>
</objectViews>
<connectors>
<Connector class="oracle.dbtools.crest.swingui.logical.TVRelation" oid="13AF05EA-EAFE-B469-0293-57368D218313" otype="Relation" vid_source="FCB20E1A-07F8-D06D-7A3A-49B1BCFBD413" vid_target="5CDB90CA-5946-D7BB-43A3-E562FE9FFB65">
<hideElementsInCurrentOnly>false</hideElementsInCurrentOnly>
<backgroundColor>-16777216</backgroundColor>
<lineWidth>1</lineWidth>
<points>
<point x="548" y="130"/>
<point x="435" y="76"/>
</points>
</Connector>
<Connector class="oracle.dbtools.crest.swingui.logical.TVRelation" oid="18062F49-DBFE-2ACF-C99B-2E83BC15B18E" otype="Relation" vid_source="A66F1605-AD5B-2F47-5E98-D7064F72E0EF" vid_target="CEA35BC2-F626-4168-BACD-0B8F7F3A9EA8">
<hideElementsInCurrentOnly>false</hideElementsInCurrentOnly>
<backgroundColor>-16777216</backgroundColor>
<lineWidth>1</lineWidth>
<points>
<point x="428" y="326"/>
<point x="579" y="326"/>
</points>
</Connector>
<Connector class="oracle.dbtools.crest.swingui.logical.TVRelation" oid="59894BD1-34EB-7063-D6ED-8DC1BC1DCEA4" otype="Relation" vid_source="FCB20E1A-07F8-D06D-7A3A-49B1BCFBD413" vid_target="CEA35BC2-F626-4168-BACD-0B8F7F3A9EA8">
<hideElementsInCurrentOnly>false</hideElementsInCurrentOnly>
<backgroundColor>-16777216</backgroundColor>
<lineWidth>1</lineWidth>
<points>
<point x="639" y="210"/>
<point x="639" y="295"/>
</points>
</Connector>
<Connector class="oracle.dbtools.crest.swingui.logical.TVInheritanceRelation" oid="65597342-8BAB-CBE7-B9FD-5A1401999144" otype="Hierarchy relation" vid_source="E3C2B008-C64A-47FD-C5AA-04D89DB73358" vid_target="511E915E-17B0-475F-93E4-733EC03184AA">
<hideElementsInCurrentOnly>false</hideElementsInCurrentOnly>
<backgroundColor>-65536</backgroundColor>
<lineWidth>1</lineWidth>
</Connector>
<Connector class="oracle.dbtools.crest.swingui.logical.TVRelation" oid="6A1BDC04-9A3A-0C65-EC2A-631218A44F42" otype="Relation" vid_source="6F6F4864-9451-32DC-1760-97A28CEC6C73" vid_target="A66F1605-AD5B-2F47-5E98-D7064F72E0EF">
<hideElementsInCurrentOnly>false</hideElementsInCurrentOnly>
<backgroundColor>-16777216</backgroundColor>
<lineWidth>1</lineWidth>
<points>
<point x="117" y="325"/>
<point x="315" y="325"/>
</points>
</Connector>
<Connector class="oracle.dbtools.crest.swingui.logical.TVInheritanceRelation" oid="819386E0-98B9-A0D8-8614-BBD70FB88C97" otype="Hierarchy relation" vid_source="E3C2B008-C64A-47FD-C5AA-04D89DB73358" vid_target="39CC0D3D-9833-6668-5D49-C1B94B3AB17A">
<hideElementsInCurrentOnly>false</hideElementsInCurrentOnly>
<backgroundColor>-65536</backgroundColor>
<lineWidth>1</lineWidth>
</Connector>
<Connector class="oracle.dbtools.crest.swingui.logical.TVRelation" oid="D5AF4A88-435E-56B8-32BE-606A11EB3CB9" otype="Relation" vid_source="39CC0D3D-9833-6668-5D49-C1B94B3AB17A" vid_target="A66F1605-AD5B-2F47-5E98-D7064F72E0EF">
<hideElementsInCurrentOnly>false</hideElementsInCurrentOnly>
<backgroundColor>-16777216</backgroundColor>
<lineWidth>1</lineWidth>
<points>
<point x="202" y="130"/>
<point x="324" y="259"/>
</points>
</Connector>
</connectors>
</Diagram>