<?xml version = '1.0' encoding = 'UTF-8'?>
<FKIndexAssociation class="oracle.dbtools.crest.model.design.relational.FKIndexAssociation" directorySegmentName="seg_0" id="2E0039F4-D598-FB2C-CB69-014712E09F68" containerWithKeyObject="FA703E91-DD11-CA01-4286-D53680F3CD98" localFKIndex="1252CDF7-FB1F-ED71-838A-A792164D1929" name="EQUIPAJE_PASAJERO_FK">
<createdBy>danic</createdBy>
<createdTime>2026-01-19 15:53:43 UTC</createdTime>
<generatorID>13AF05EA-EAFE-B469-0293-57368D218313</generatorID>
<ownerDesignName>ModBD_S2</ownerDesignName>
<referredTableLongName>PASAJERO</referredTableLongName>
<deleteRule>NO ACTION</deleteRule>
<referredTableID>CB662F17-A9E6-C09D-E0C8-1B3915B30B6D</referredTableID>
<keyObject>C8DC3EDB-502E-AD25-A447-8D434215A1F2</keyObject>
<referredKeyID>C8DC3EDB-502E-AD25-A447-8D434215A1F2</referredKeyID>
<mandatory>true</mandatory>
<refColNames>PASAPORTE_O_CEDULA</refColNames>
<transferable>true</transferable>
<rely>false</rely>
<columnDependencyConstraintGenerateInDDL>true</columnDependencyConstraintGenerateInDDL>
</FKIndexAssociation>