<?xml version = '1.0' encoding = 'UTF-8'?>
<FKIndexAssociation class="oracle.dbtools.crest.model.design.relational.FKIndexAssociation" directorySegmentName="seg_0" id="67B5992F-0181-CE3C-C1BE-D5F7432B4A3F" containerWithKeyObject="0C3589AD-7982-5EDD-9F5C-000182CB59CE" localFKIndex="DF9909E5-918A-8E3E-AA57-52E3F4380A2B" name="RESERVA_PASAJERO_FK">
<createdBy>danic</createdBy>
<createdTime>2026-01-19 15:53:43 UTC</createdTime>
<generatorID>59894BD1-34EB-7063-D6ED-8DC1BC1DCEA4</generatorID>
<ownerDesignName>ModBD_S2</ownerDesignName>
<referredTableLongName>PASAJERO</referredTableLongName>
<deleteRule>NO ACTION</deleteRule>
<referredTableID>CB662F17-A9E6-C09D-E0C8-1B3915B30B6D</referredTableID>
<keyObject>C8DC3EDB-502E-AD25-A447-8D434215A1F2</keyObject>
<referredKeyID>C8DC3EDB-502E-AD25-A447-8D434215A1F2</referredKeyID>
<mandatory>true</mandatory>
<refColNames>PASAPORTE_O_CEDULA</refColNames>
<transferable>true</transferable>
<rely>false</rely>
<columnDependencyConstraintGenerateInDDL>true</columnDependencyConstraintGenerateInDDL>
</FKIndexAssociation>