<?xml version = '1.0' encoding = 'UTF-8'?>
<FKIndexAssociation class="oracle.dbtools.crest.model.design.relational.FKIndexAssociation" directorySegmentName="seg_0" id="77D527C1-BF48-3498-02AD-360483F380CE" containerWithKeyObject="5419879E-560B-D2AE-9B4F-F336D30EA080" localFKIndex="6162B92E-7466-6060-4AC0-8007BF86F501" name="VUELO_ADMINISTRATIVO_FK">
<createdBy>danic</createdBy>
<createdTime>2026-01-19 15:53:43 UTC</createdTime>
<generatorID>D5AF4A88-435E-56B8-32BE-606A11EB3CB9</generatorID>
<ownerDesignName>ModBD_S2</ownerDesignName>
<referredTableLongName>ADMINISTRATIVO</referredTableLongName>
<deleteRule>NO ACTION</deleteRule>
<referredTableID>66F70E1F-5EF7-7ED7-E857-510E164C181E</referredTableID>
<keyObject>C98D3099-B60E-9AAA-E4F6-40B5995B7ABB</keyObject>
<referredKeyID>C98D3099-B60E-9AAA-E4F6-40B5995B7ABB</referredKeyID>
<mandatory>true</mandatory>
<refColNames>RUT</refColNames>
<transferable>true</transferable>
<rely>false</rely>
<columnDependencyConstraintGenerateInDDL>true</columnDependencyConstraintGenerateInDDL>
</FKIndexAssociation>