<?xml version = '1.0' encoding = 'UTF-8'?>
<FKIndexAssociation class="oracle.dbtools.crest.model.design.relational.FKIndexAssociation" directorySegmentName="seg_0" id="B2591267-4163-1906-F0F2-74CA6DDF5FE0" containerWithKeyObject="5419879E-560B-D2AE-9B4F-F336D30EA080" localFKIndex="2E05EBC6-8ECF-E28E-6F98-7AF712BB46EB" name="VUELO_AVION_FK">
<createdBy>danic</createdBy>
<createdTime>2026-01-19 15:53:43 UTC</createdTime>
<generatorID>6A1BDC04-9A3A-0C65-EC2A-631218A44F42</generatorID>
<ownerDesignName>ModBD_S2</ownerDesignName>
<referredTableLongName>AVION</referredTableLongName>
<deleteRule>NO ACTION</deleteRule>
<referredTableID>68C5D8DC-4DD7-E534-DCBE-22BFB1DBCB30</referredTableID>
<keyObject>465DD730-81A1-FCB1-CB7D-6767477926CA</keyObject>
<referredKeyID>465DD730-81A1-FCB1-CB7D-6767477926CA</referredKeyID>
<mandatory>false</mandatory>
<refColNames>MATRICULA</refColNames>
<transferable>true</transferable>
<rely>false</rely>
<columnDependencyConstraintGenerateInDDL>true</columnDependencyConstraintGenerateInDDL>
</FKIndexAssociation>