<?xml version = '1.0' encoding = 'UTF-8'?>
<FKIndexAssociation class="oracle.dbtools.crest.model.design.relational.FKIndexAssociation" directorySegmentName="seg_0" id="D8DF2BFD-473A-7695-A41E-AD02BE0507AD" containerWithKeyObject="BE3AE50F-F1EC-FCDC-611C-2FC882D7FC49" localFKIndex="021025F7-2B1A-F6E2-4D68-259BDCC6D9C0" name="PILOTO_EMPLEADO_FK">
<createdBy>danic</createdBy>
<createdTime>2026-01-19 15:53:43 UTC</createdTime>
<generatorID>65597342-8BAB-CBE7-B9FD-5A1401999144</generatorID>
<ownerDesignName>ModBD_S2</ownerDesignName>
<referredTableLongName>EMPLEADO</referredTableLongName>
<arc>9CF04CB9-4035-64BE-9267-AA18C38718CE</arc>
<deleteRule>NO ACTION</deleteRule>
<referredTableID>FDB21BC5-15CA-356C-2AA1-A0C10AFC2951</referredTableID>
<keyObject>C9BD8139-7964-5775-A3A6-5EFE9CAD32A7</keyObject>
<referredKeyID>C9BD8139-7964-5775-A3A6-5EFE9CAD32A7</referredKeyID>
<mandatory>true</mandatory>
<refColNames>RUT</refColNames>
<transferable>true</transferable>
<rely>false</rely>
<columnDependencyConstraintGenerateInDDL>true</columnDependencyConstraintGenerateInDDL>
</FKIndexAssociation>