<?xml version = '1.0' encoding = 'UTF-8'?>
<FKIndexAssociation class="oracle.dbtools.crest.model.design.relational.FKIndexAssociation" directorySegmentName="seg_0" id="EC49AA9E-2FAE-578A-007B-EF5A5CBC53D8" containerWithKeyObject="66F70E1F-5EF7-7ED7-E857-510E164C181E" localFKIndex="080DCB9F-1254-DFBA-0440-A0B46C06BB9B" name="ADMINISTRATIVO_EMPLEADO_FK">
<createdBy>danic</createdBy>
<createdTime>2026-01-19 15:53:43 UTC</createdTime>
<generatorID>819386E0-98B9-A0D8-8614-BBD70FB88C97</generatorID>
<ownerDesignName>ModBD_S2</ownerDesignName>
<referredTableLongName>EMPLEADO</referredTableLongName>
<arc>9CF04CB9-4035-64BE-9267-AA18C38718CE</arc>
<deleteRule>NO ACTION</deleteRule>
<referredTableID>FDB21BC5-15CA-356C-2AA1-A0C10AFC2951</referredTableID>
<keyObject>C9BD8139-7964-5775-A3A6-5EFE9CAD32A7</keyObject>
<referredKeyID>C9BD8139-7964-5775-A3A6-5EFE9CAD32A7</referredKeyID>
<mandatory>true</mandatory>
<refColNames>RUT</refColNames>
<transferable>true</transferable>
<rely>false</rely>
<columnDependencyConstraintGenerateInDDL>true</columnDependencyConstraintGenerateInDDL>
</FKIndexAssociation>