<?xml version = '1.0' encoding = 'UTF-8'?>
<FKIndexAssociation class="oracle.dbtools.crest.model.design.relational.FKIndexAssociation" directorySegmentName="seg_0" id="F6839D5D-BC8C-FAF2-B903-1D017B599171" containerWithKeyObject="0C3589AD-7982-5EDD-9F5C-000182CB59CE" localFKIndex="336B51E8-7345-5DBC-DFE5-BC856752CB5D" name="RESERVA_VUELO_FK">
<createdBy>danic</createdBy>
<createdTime>2026-01-19 15:53:43 UTC</createdTime>
<generatorID>18062F49-DBFE-2ACF-C99B-2E83BC15B18E</generatorID>
<ownerDesignName>ModBD_S2</ownerDesignName>
<referredTableLongName>VUELO</referredTableLongName>
<deleteRule>NO ACTION</deleteRule>
<referredTableID>5419879E-560B-D2AE-9B4F-F336D30EA080</referredTableID>
<keyObject>D2E74B4C-EF94-BD04-07F3-38DFADB4C14E</keyObject>
<referredKeyID>D2E74B4C-EF94-BD04-07F3-38DFADB4C14E</referredKeyID>
<mandatory>false</mandatory>
<refColNames>NUMERO_VUELO</refColNames>
<transferable>true</transferable>
<rely>false</rely>
<columnDependencyConstraintGenerateInDDL>true</columnDependencyConstraintGenerateInDDL>
</FKIndexAssociation>