<?xml version = '1.0' encoding = 'UTF-8'?>
<Table class="oracle.dbtools.crest.model.design.relational.Table" directorySegmentName="seg_0" id="20BBDBD4-CD66-7485-6997-2E656F621CE3" name="INDEFINIDO">
<createdBy>danic</createdBy>
<createdTime>2026-01-22 20:06:17 UTC</createdTime>
<generatorID>A9F2DCFD-3704-2E1C-BC60-D125306DD246</generatorID>
<ownerDesignName>Encargo_Semana3_HiLogic</ownerDesignName>
<allowColumnReorder>false</allowColumnReorder>
<existDependencyGenerateInDDl>true</existDependencyGenerateInDDl>
<parsed>true</parsed>
<columns itemClass="oracle.dbtools.crest.model.design.relational.Column">
<Column name="rut_trabajador" id="FDFDAC4E-A574-61A4-731B-C1F6FF97B111">
<createdBy>danic</createdBy>
<createdTime>2026-01-22 20:06:17 UTC</createdTime>
<generatorID>F3351B43-F136-67CC-A618-B6D7FB7FD1B3</generatorID>
<ownerDesignName>Encargo_Semana3_HiLogic</ownerDesignName>
<useDomainConstraints>false</useDomainConstraints>
<use>1</use>
<logicalDatatype>A3A3C77D-0366-9768-FF89-1C25E56881C8</logicalDatatype>
<dataTypeSize>12</dataTypeSize>
<ownDataTypeParameters>,,</ownDataTypeParameters>
<autoIncrementCycle>false</autoIncrementCycle>
<associations>
<colAssociation fkAssociation="667DFE29-E4A8-8F9F-CA08-F64E4182BE7F" referredColumn="71C2D0F9-FD9C-7168-EDA6-A9BDAAECAC42"/>
</associations>
</Column>
<Column name="afp" id="472550B2-0A9F-E6DD-B551-646FB8AF5A2B">
<createdBy>danic</createdBy>
<createdTime>2026-01-22 20:06:17 UTC</createdTime>
<generatorID>DF6A2D52-D7BA-209D-751B-B1D4D76B6E8C</generatorID>
<ownerDesignName>Encargo_Semana3_HiLogic</ownerDesignName>
<useDomainConstraints>false</useDomainConstraints>
<use>1</use>
<logicalDatatype>A3A3C77D-0366-9768-FF89-1C25E56881C8</logicalDatatype>
<dataTypeSize>50</dataTypeSize>
<ownDataTypeParameters>50,,</ownDataTypeParameters>
<autoIncrementCycle>false</autoIncrementCycle>
</Column>
<Column name="sistema_salud" id="41CEDF79-DDBF-7C3A-618A-27361F9783AF">
<createdBy>danic</createdBy>
<createdTime>2026-01-22 20:06:17 UTC</createdTime>
<generatorID>E984C0E3-3670-2018-983B-849A80F30FA8</generatorID>
<ownerDesignName>Encargo_Semana3_HiLogic</ownerDesignName>
<useDomainConstraints>false</useDomainConstraints>
<use>1</use>
<logicalDatatype>A3A3C77D-0366-9768-FF89-1C25E56881C8</logicalDatatype>
<dataTypeSize>50</dataTypeSize>
<ownDataTypeParameters>50,,</ownDataTypeParameters>
<autoIncrementCycle>false</autoIncrementCycle>
</Column>
<Column name="CARGO_codigo_cargo" id="08EDCB2F-8CC2-D161-B01B-B741ABEB160D">
<createdBy>danic</createdBy>
<createdTime>2026-01-22 20:06:17 UTC</createdTime>
<generatorID>F83BEC18-D2B9-F7C0-B4F7-0CB004DE5384</generatorID>
<ownerDesignName>Encargo_Semana3_HiLogic</ownerDesignName>
<useDomainConstraints>false</useDomainConstraints>
<use>1</use>
<logicalDatatype>LOGDT019</logicalDatatype>
<dataTypePrecision>5</dataTypePrecision>
<ownDataTypeParameters>,,</ownDataTypeParameters>
<previousColumn>false</previousColumn>
<autoIncrementCycle>false</autoIncrementCycle>
<associations>
<colAssociation fkAssociation="AAE2A6C3-DB1B-BC5D-D5F8-31EA22C88E73" referredColumn="971391CB-0491-24A2-9532-F60ED16B9BB0"/>
</associations>
</Column>
</columns>
<indexes itemClass="oracle.dbtools.crest.model.design.relational.Index">
<ind_PK_UK id="401EF6B7-2D5E-F583-F1D6-1840B4C54E11" name="INDEFINIDO_PK">
<createdBy>danic</createdBy>
<createdTime>2026-01-22 20:06:17 UTC</createdTime>
<generatorID>D3850C71-9160-09D4-BD79-836F5DC7EFD7</generatorID>
<ownerDesignName>Encargo_Semana3_HiLogic</ownerDesignName>
<pk>true</pk>
<indexState>Primary Constraint</indexState>
<isSurrogateKey>false</isSurrogateKey>
<indexColumnUsage>
<colUsage columnID="FDFDAC4E-A574-61A4-731B-C1F6FF97B111"/>
</indexColumnUsage>
</ind_PK_UK>
<ind_PK_UK id="8EBAF15B-5F77-9DCA-397C-6D8272DDD809" name="INDEFINIDO_TRABAJADOR_FK">
<createdBy>danic</createdBy>
<createdTime>2026-01-22 20:06:17 UTC</createdTime>
<generatorID>0F89F6FE-8B3D-8B78-0365-088DEE3992C1</generatorID>
<ownerDesignName>Encargo_Semana3_HiLogic</ownerDesignName>
<indexState>Foreign Key</indexState>
<isSurrogateKey>false</isSurrogateKey>
<indexColumnUsage>
<colUsage columnID="FDFDAC4E-A574-61A4-731B-C1F6FF97B111"/>
</indexColumnUsage>
</ind_PK_UK>
<ind_PK_UK id="CEDF2D54-3201-3B3F-BC1C-6B040E670B7A" name="INDEFINIDO_CARGO_FK">
<createdBy>danic</createdBy>
<createdTime>2026-01-22 20:06:17 UTC</createdTime>
<generatorID>C08E42EB-5D74-BD29-7546-1A6CDDB85F11</generatorID>
<ownerDesignName>Encargo_Semana3_HiLogic</ownerDesignName>
<indexState>Foreign Key</indexState>
<isSurrogateKey>false</isSurrogateKey>
<indexColumnUsage>
<colUsage columnID="08EDCB2F-8CC2-D161-B01B-B741ABEB160D"/>
</indexColumnUsage>
</ind_PK_UK>
</indexes>
</Table>