<?xml version = '1.0' encoding = 'UTF-8'?>
<Table class="oracle.dbtools.crest.model.design.relational.Table" directorySegmentName="seg_0" id="2B8657CA-3BAF-3BD1-2290-3EC34EB865FD" name="DETALLE_BOLETA">
<createdBy>danic</createdBy>
<createdTime>2026-01-22 20:06:17 UTC</createdTime>
<generatorID>1F773604-A0D4-C8C8-DCC2-13FEC4258451</generatorID>
<ownerDesignName>Encargo_Semana3_HiLogic</ownerDesignName>
<allowColumnReorder>false</allowColumnReorder>
<existDependencyGenerateInDDl>true</existDependencyGenerateInDDl>
<parsed>true</parsed>
<columns itemClass="oracle.dbtools.crest.model.design.relational.Column">
<Column name="cantidad" id="760D67AE-0E57-5E5F-8616-C1DA9145C92C">
<createdBy>danic</createdBy>
<createdTime>2026-01-22 20:06:17 UTC</createdTime>
<generatorID>A6ED9BAA-71A4-1235-5C18-52E52E4EA01F</generatorID>
<ownerDesignName>Encargo_Semana3_HiLogic</ownerDesignName>
<useDomainConstraints>false</useDomainConstraints>
<use>1</use>
<logicalDatatype>LOGDT019</logicalDatatype>
<dataTypePrecision>5</dataTypePrecision>
<ownDataTypeParameters>,5,</ownDataTypeParameters>
<autoIncrementCycle>false</autoIncrementCycle>
</Column>
<Column name="precio_momento" id="AEC78466-1C27-3AC3-9960-B3DDC0B1D68C">
<createdBy>danic</createdBy>
<createdTime>2026-01-22 20:06:17 UTC</createdTime>
<generatorID>C98999C8-6B37-9874-C424-B3C75C40AB1A</generatorID>
<ownerDesignName>Encargo_Semana3_HiLogic</ownerDesignName>
<useDomainConstraints>false</useDomainConstraints>
<use>1</use>
<logicalDatatype>LOGDT019</logicalDatatype>
<dataTypePrecision>10</dataTypePrecision>
<ownDataTypeParameters>,10,</ownDataTypeParameters>
<autoIncrementCycle>false</autoIncrementCycle>
</Column>
<Column name="BOLETA_numero_boleta" id="8D646D32-4474-9488-D717-118DDB64E803">
<createdBy>danic</createdBy>
<createdTime>2026-01-22 20:06:17 UTC</createdTime>
<generatorID>7E9BA5F8-7CF4-03E9-20BF-D3B1CB119411</generatorID>
<ownerDesignName>Encargo_Semana3_HiLogic</ownerDesignName>
<useDomainConstraints>false</useDomainConstraints>
<use>1</use>
<logicalDatatype>LOGDT019</logicalDatatype>
<dataTypePrecision>12</dataTypePrecision>
<ownDataTypeParameters>,,</ownDataTypeParameters>
<previousColumn>false</previousColumn>
<autoIncrementCycle>false</autoIncrementCycle>
<associations>
<colAssociation fkAssociation="06CDD9BC-E8AC-4FAB-AF85-E8BDE4C5DC62" referredColumn="949F30AB-E0EE-F852-97CD-6E414226CA72"/>
</associations>
</Column>
<Column name="PRODUCTO_codigo_producto" id="E4ABC40B-48B7-FFF5-6CFB-AC5BB1A7CE87">
<createdBy>danic</createdBy>
<createdTime>2026-01-22 20:06:17 UTC</createdTime>
<generatorID>715ABE5C-942A-2714-E0BF-FC01D0B5DFDD</generatorID>
<ownerDesignName>Encargo_Semana3_HiLogic</ownerDesignName>
<useDomainConstraints>false</useDomainConstraints>
<use>1</use>
<logicalDatatype>LOGDT019</logicalDatatype>
<dataTypePrecision>10</dataTypePrecision>
<ownDataTypeParameters>,,</ownDataTypeParameters>
<previousColumn>false</previousColumn>
<autoIncrementCycle>false</autoIncrementCycle>
<associations>
<colAssociation fkAssociation="CDF0F03C-7B38-C5DC-F54F-A9CFAB99FDD1" referredColumn="A59F022E-E9A3-DAD4-6B59-2D6D3CAC4B11"/>
</associations>
</Column>
</columns>
<indexes itemClass="oracle.dbtools.crest.model.design.relational.Index">
<ind_PK_UK id="7F648FB5-D92E-BD2E-2C1E-DB534D4C41AE" name="DETALLE_BOLETA_PK">
<createdBy>danic</createdBy>
<createdTime>2026-01-22 20:06:17 UTC</createdTime>
<generatorID>19B74D6A-FCAC-563A-7752-5B6BF5992DD6</generatorID>
<ownerDesignName>Encargo_Semana3_HiLogic</ownerDesignName>
<pk>true</pk>
<indexState>Primary Constraint</indexState>
<isSurrogateKey>false</isSurrogateKey>
<indexColumnUsage>
<colUsage columnID="8D646D32-4474-9488-D717-118DDB64E803"/>
<colUsage columnID="E4ABC40B-48B7-FFF5-6CFB-AC5BB1A7CE87"/>
</indexColumnUsage>
</ind_PK_UK>
<ind_PK_UK id="0F0CDC32-0011-1362-CF41-F8A70BB3EE8A" name="DETALLE_BOLETA_BOLETA_FK">
<createdBy>danic</createdBy>
<createdTime>2026-01-22 20:06:17 UTC</createdTime>
<generatorID>583167B1-C3FC-0A07-37A1-F014E3A2924A</generatorID>
<ownerDesignName>Encargo_Semana3_HiLogic</ownerDesignName>
<indexState>Foreign Key</indexState>
<isSurrogateKey>false</isSurrogateKey>
<indexColumnUsage>
<colUsage columnID="8D646D32-4474-9488-D717-118DDB64E803"/>
</indexColumnUsage>
</ind_PK_UK>
<ind_PK_UK id="18A90AF9-AF79-3A49-A6D3-7311F5309819" name="DETALLE_BOLETA_PRODUCTO_FK">
<createdBy>danic</createdBy>
<createdTime>2026-01-22 20:06:17 UTC</createdTime>
<generatorID>7E131A6E-CBFF-6F77-69E4-AB670E7E146C</generatorID>
<ownerDesignName>Encargo_Semana3_HiLogic</ownerDesignName>
<indexState>Foreign Key</indexState>
<isSurrogateKey>false</isSurrogateKey>
<indexColumnUsage>
<colUsage columnID="E4ABC40B-48B7-FFF5-6CFB-AC5BB1A7CE87"/>
</indexColumnUsage>
</ind_PK_UK>
</indexes>
</Table>