<?xml version = '1.0' encoding = 'UTF-8'?>
<Table class="oracle.dbtools.crest.model.design.relational.Table" directorySegmentName="seg_0" id="48CDE758-E33A-4105-41E9-FA12BDBF1D11" name="CLIENTE_VIP">
<createdBy>danic</createdBy>
<createdTime>2026-01-22 20:06:17 UTC</createdTime>
<generatorID>0B9506F2-F004-A487-4575-4C5F87768DC0</generatorID>
<ownerDesignName>Encargo_Semana3_HiLogic</ownerDesignName>
<allowColumnReorder>false</allowColumnReorder>
<existDependencyGenerateInDDl>true</existDependencyGenerateInDDl>
<parsed>true</parsed>
<columns itemClass="oracle.dbtools.crest.model.design.relational.Column">
<Column name="rut_cliente" id="F6DD91DD-8E36-2449-B6CB-94D7BE571390">
<createdBy>danic</createdBy>
<createdTime>2026-01-22 20:06:17 UTC</createdTime>
<generatorID>556ACF28-BEF2-9A67-5AD7-0CE01C62AF2A</generatorID>
<ownerDesignName>Encargo_Semana3_HiLogic</ownerDesignName>
<useDomainConstraints>false</useDomainConstraints>
<use>1</use>
<logicalDatatype>A3A3C77D-0366-9768-FF89-1C25E56881C8</logicalDatatype>
<dataTypeSize>12</dataTypeSize>
<ownDataTypeParameters>,,</ownDataTypeParameters>
<autoIncrementCycle>false</autoIncrementCycle>
<associations>
<colAssociation fkAssociation="4EA4CBC4-4B7A-C7DB-F03E-7F8D47F0E471" referredColumn="82BB7B6A-15B9-7D7B-27B5-3C10E8E41E09"/>
</associations>
</Column>
<Column name="porcentaje_descuento" id="0ABAB211-0F71-F4B8-F5C5-C3519CA0D0E4">
<createdBy>danic</createdBy>
<createdTime>2026-01-22 20:06:17 UTC</createdTime>
<generatorID>561F5DB2-B0B0-F402-4B71-DC1C103B5E0F</generatorID>
<ownerDesignName>Encargo_Semana3_HiLogic</ownerDesignName>
<useDomainConstraints>false</useDomainConstraints>
<use>1</use>
<logicalDatatype>LOGDT019</logicalDatatype>
<dataTypePrecision>3</dataTypePrecision>
<dataTypeScale>1</dataTypeScale>
<ownDataTypeParameters>,3,1</ownDataTypeParameters>
<autoIncrementCycle>false</autoIncrementCycle>
</Column>
</columns>
<indexes itemClass="oracle.dbtools.crest.model.design.relational.Index">
<ind_PK_UK id="CF191C52-5D3C-10A5-A9B4-B5C19B28D902" name="CLIENTE_VIP_PK">
<createdBy>danic</createdBy>
<createdTime>2026-01-22 20:06:17 UTC</createdTime>
<generatorID>DFD40075-67CA-F7FC-CB2F-ABD68D9FB169</generatorID>
<ownerDesignName>Encargo_Semana3_HiLogic</ownerDesignName>
<pk>true</pk>
<indexState>Primary Constraint</indexState>
<isSurrogateKey>false</isSurrogateKey>
<indexColumnUsage>
<colUsage columnID="F6DD91DD-8E36-2449-B6CB-94D7BE571390"/>
</indexColumnUsage>
</ind_PK_UK>
<ind_PK_UK id="890B6804-C680-5853-3C71-1CCD6667CA59" name="CLIENTE_VIP_CLIENTE_FK">
<createdBy>danic</createdBy>
<createdTime>2026-01-22 20:06:17 UTC</createdTime>
<generatorID>33227A7F-F191-8754-DF76-E8A6EF0F31A6</generatorID>
<ownerDesignName>Encargo_Semana3_HiLogic</ownerDesignName>
<indexState>Foreign Key</indexState>
<isSurrogateKey>false</isSurrogateKey>
<indexColumnUsage>
<colUsage columnID="F6DD91DD-8E36-2449-B6CB-94D7BE571390"/>
</indexColumnUsage>
</ind_PK_UK>
</indexes>
</Table>