<?xml version = '1.0' encoding = 'UTF-8'?>
<Table class="oracle.dbtools.crest.model.design.relational.Table" directorySegmentName="seg_0" id="6EE6871F-6856-0317-B972-1990DCE30980" name="CONTRATO">
<createdBy>danic</createdBy>
<createdTime>2026-01-22 20:06:17 UTC</createdTime>
<generatorID>BE4BC200-8F8E-4C19-EA51-DC7BB0562B35</generatorID>
<ownerDesignName>Encargo_Semana3_HiLogic</ownerDesignName>
<allowColumnReorder>false</allowColumnReorder>
<existDependencyGenerateInDDl>true</existDependencyGenerateInDDl>
<parsed>true</parsed>
<columns itemClass="oracle.dbtools.crest.model.design.relational.Column">
<Column name="numero_contrato" id="CBE326C3-BC0C-E1D0-7206-CBC95A71B85C">
<createdBy>danic</createdBy>
<createdTime>2026-01-22 20:06:17 UTC</createdTime>
<generatorID>26F8555D-751B-2B82-1452-7115C5A10973</generatorID>
<ownerDesignName>Encargo_Semana3_HiLogic</ownerDesignName>
<useDomainConstraints>false</useDomainConstraints>
<use>1</use>
<logicalDatatype>LOGDT019</logicalDatatype>
<dataTypePrecision>10</dataTypePrecision>
<ownDataTypeParameters>,10,</ownDataTypeParameters>
<autoIncrementCycle>false</autoIncrementCycle>
</Column>
<Column name="fecha_contrato" id="6DEC53DF-9E74-307A-35BE-10963F83B222">
<createdBy>danic</createdBy>
<createdTime>2026-01-22 20:06:17 UTC</createdTime>
<generatorID>1355157E-0FE7-0BDB-DEB8-12D26FE8D3CE</generatorID>
<ownerDesignName>Encargo_Semana3_HiLogic</ownerDesignName>
<useDomainConstraints>false</useDomainConstraints>
<use>1</use>
<logicalDatatype>LOGDT007</logicalDatatype>
<ownDataTypeParameters>,,</ownDataTypeParameters>
<autoIncrementCycle>false</autoIncrementCycle>
</Column>
<Column name="SUCURSAL_numero_sucursal" id="63294FEE-7327-BE8A-06D8-133E0387C299">
<createdBy>danic</createdBy>
<createdTime>2026-01-22 20:06:17 UTC</createdTime>
<generatorID>A5A64B12-DEA4-09A5-BE9F-49B679698078</generatorID>
<ownerDesignName>Encargo_Semana3_HiLogic</ownerDesignName>
<useDomainConstraints>false</useDomainConstraints>
<use>1</use>
<logicalDatatype>LOGDT019</logicalDatatype>
<dataTypePrecision>5</dataTypePrecision>
<ownDataTypeParameters>,,</ownDataTypeParameters>
<previousColumn>false</previousColumn>
<autoIncrementCycle>false</autoIncrementCycle>
<associations>
<colAssociation fkAssociation="E6871AA1-BBDB-EC42-8D5E-844243671E31" referredColumn="0DF85D03-E3C8-BC73-9F06-42245808A1D6"/>
</associations>
</Column>
<Column name="TRABAJADOR_rut_trabajador" id="F99CA705-9659-3527-F2E2-EC3FCF0DA6CB">
<createdBy>danic</createdBy>
<createdTime>2026-01-22 20:06:17 UTC</createdTime>
<generatorID>6D15BBDC-23B7-5EE5-3AAA-A3618327FF76</generatorID>
<ownerDesignName>Encargo_Semana3_HiLogic</ownerDesignName>
<useDomainConstraints>false</useDomainConstraints>
<use>1</use>
<logicalDatatype>A3A3C77D-0366-9768-FF89-1C25E56881C8</logicalDatatype>
<dataTypeSize>12</dataTypeSize>
<ownDataTypeParameters>,,</ownDataTypeParameters>
<previousColumn>false</previousColumn>
<autoIncrementCycle>false</autoIncrementCycle>
<associations>
<colAssociation fkAssociation="2F947C58-45BA-D4E5-5D18-706704CF1642" referredColumn="71C2D0F9-FD9C-7168-EDA6-A9BDAAECAC42"/>
</associations>
</Column>
</columns>
<indexes itemClass="oracle.dbtools.crest.model.design.relational.Index">
<ind_PK_UK id="BE8A6C2C-37BF-2CA8-0A1C-B577D9B13847" name="CONTRATO_PK">
<createdBy>danic</createdBy>
<createdTime>2026-01-22 20:06:17 UTC</createdTime>
<generatorID>002644AE-CF5A-92D4-C532-2D8695AF350A</generatorID>
<ownerDesignName>Encargo_Semana3_HiLogic</ownerDesignName>
<pk>true</pk>
<indexState>Primary Constraint</indexState>
<isSurrogateKey>false</isSurrogateKey>
<indexColumnUsage>
<colUsage columnID="CBE326C3-BC0C-E1D0-7206-CBC95A71B85C"/>
</indexColumnUsage>
</ind_PK_UK>
<ind_PK_UK id="7BB581F3-D628-51D3-46B4-20E92D5CCD93" name="CONTRATO_SUCURSAL_FK">
<createdBy>danic</createdBy>
<createdTime>2026-01-22 20:06:17 UTC</createdTime>
<generatorID>BB14E891-99E2-A401-9F13-A73C4FEA996E</generatorID>
<ownerDesignName>Encargo_Semana3_HiLogic</ownerDesignName>
<indexState>Foreign Key</indexState>
<isSurrogateKey>false</isSurrogateKey>
<indexColumnUsage>
<colUsage columnID="63294FEE-7327-BE8A-06D8-133E0387C299"/>
</indexColumnUsage>
</ind_PK_UK>
<ind_PK_UK id="89531188-F164-61B6-90AE-E11545ACE0E2" name="CONTRATO_TRABAJADOR_FK">
<createdBy>danic</createdBy>
<createdTime>2026-01-22 20:06:17 UTC</createdTime>
<generatorID>751361B5-BC5E-3172-3087-E7468D286A72</generatorID>
<ownerDesignName>Encargo_Semana3_HiLogic</ownerDesignName>
<indexState>Foreign Key</indexState>
<isSurrogateKey>false</isSurrogateKey>
<indexColumnUsage>
<colUsage columnID="F99CA705-9659-3527-F2E2-EC3FCF0DA6CB"/>
</indexColumnUsage>
</ind_PK_UK>
</indexes>
</Table>