<?xml version = '1.0' encoding = 'UTF-8'?>
<Table class="oracle.dbtools.crest.model.design.relational.Table" directorySegmentName="seg_0" id="71998AF2-626E-7141-1BFE-109CA6689455" name="PASANTE">
<createdBy>danic</createdBy>
<createdTime>2026-01-22 20:06:17 UTC</createdTime>
<generatorID>239215A3-030A-A56A-0A30-A0767BE19844</generatorID>
<ownerDesignName>Encargo_Semana3_HiLogic</ownerDesignName>
<allowColumnReorder>false</allowColumnReorder>
<existDependencyGenerateInDDl>true</existDependencyGenerateInDDl>
<parsed>true</parsed>
<columns itemClass="oracle.dbtools.crest.model.design.relational.Column">
<Column name="rut_trabajador" id="F5C44495-4436-8E36-2437-48F510BC584C">
<createdBy>danic</createdBy>
<createdTime>2026-01-22 20:06:17 UTC</createdTime>
<generatorID>F3351B43-F136-67CC-A618-B6D7FB7FD1B3</generatorID>
<ownerDesignName>Encargo_Semana3_HiLogic</ownerDesignName>
<useDomainConstraints>false</useDomainConstraints>
<use>1</use>
<logicalDatatype>A3A3C77D-0366-9768-FF89-1C25E56881C8</logicalDatatype>
<dataTypeSize>12</dataTypeSize>
<ownDataTypeParameters>,,</ownDataTypeParameters>
<autoIncrementCycle>false</autoIncrementCycle>
<associations>
<colAssociation fkAssociation="DED08876-BFF0-09D7-402D-EA02EEF6E2B2" referredColumn="71C2D0F9-FD9C-7168-EDA6-A9BDAAECAC42"/>
</associations>
</Column>
<Column name="CARGO_codigo_cargo" id="0233BA2C-6D27-FBDC-93EF-4C86838F0427">
<createdBy>danic</createdBy>
<createdTime>2026-01-22 20:06:17 UTC</createdTime>
<generatorID>6CBFDB6F-3B89-EC66-7932-100617E5DCD2</generatorID>
<ownerDesignName>Encargo_Semana3_HiLogic</ownerDesignName>
<nullsAllowed>true</nullsAllowed>
<useDomainConstraints>false</useDomainConstraints>
<use>1</use>
<logicalDatatype>LOGDT019</logicalDatatype>
<dataTypePrecision>5</dataTypePrecision>
<ownDataTypeParameters>,,</ownDataTypeParameters>
<previousColumn>false</previousColumn>
<autoIncrementCycle>false</autoIncrementCycle>
<associations>
<colAssociation fkAssociation="83034556-452D-858D-A6C4-0C3B26222956" referredColumn="971391CB-0491-24A2-9532-F60ED16B9BB0"/>
</associations>
</Column>
</columns>
<indexes itemClass="oracle.dbtools.crest.model.design.relational.Index">
<ind_PK_UK id="85FE720E-07F9-F998-4FF5-75A47786FE5D" name="PASANTE_PK">
<createdBy>danic</createdBy>
<createdTime>2026-01-22 20:06:17 UTC</createdTime>
<generatorID>D3850C71-9160-09D4-BD79-836F5DC7EFD7</generatorID>
<ownerDesignName>Encargo_Semana3_HiLogic</ownerDesignName>
<pk>true</pk>
<indexState>Primary Constraint</indexState>
<isSurrogateKey>false</isSurrogateKey>
<indexColumnUsage>
<colUsage columnID="F5C44495-4436-8E36-2437-48F510BC584C"/>
</indexColumnUsage>
</ind_PK_UK>
<ind_PK_UK id="838024E2-7320-2E7D-D2BA-3BC98AF2225A" name="PASANTE_TRABAJADOR_FK">
<createdBy>danic</createdBy>
<createdTime>2026-01-22 20:06:17 UTC</createdTime>
<generatorID>A98D53D0-BD93-FD06-C112-9AC2932FF8E3</generatorID>
<ownerDesignName>Encargo_Semana3_HiLogic</ownerDesignName>
<indexState>Foreign Key</indexState>
<isSurrogateKey>false</isSurrogateKey>
<indexColumnUsage>
<colUsage columnID="F5C44495-4436-8E36-2437-48F510BC584C"/>
</indexColumnUsage>
</ind_PK_UK>
<ind_PK_UK id="8E24DD83-0B14-85F6-9D02-2A83B9C8D781" name="PASANTE_CARGO_FK">
<createdBy>danic</createdBy>
<createdTime>2026-01-22 20:06:17 UTC</createdTime>
<generatorID>41B002C8-BFA6-D788-76C1-A96F941E16C9</generatorID>
<ownerDesignName>Encargo_Semana3_HiLogic</ownerDesignName>
<indexState>Foreign Key</indexState>
<isSurrogateKey>false</isSurrogateKey>
<indexColumnUsage>
<colUsage columnID="0233BA2C-6D27-FBDC-93EF-4C86838F0427"/>
</indexColumnUsage>
</ind_PK_UK>
</indexes>
</Table>