<?xml version = '1.0' encoding = 'UTF-8'?>
<Table class="oracle.dbtools.crest.model.design.relational.Table" directorySegmentName="seg_0" id="7C5DC726-13EE-82AC-867F-E7FC04F550E3" name="BOLETA">
<createdBy>danic</createdBy>
<createdTime>2026-01-22 20:06:17 UTC</createdTime>
<generatorID>439D810A-1666-E57C-AA92-37822E34EA75</generatorID>
<ownerDesignName>Encargo_Semana3_HiLogic</ownerDesignName>
<allowColumnReorder>false</allowColumnReorder>
<existDependencyGenerateInDDl>true</existDependencyGenerateInDDl>
<parsed>true</parsed>
<columns itemClass="oracle.dbtools.crest.model.design.relational.Column">
<Column name="numero_boleta" id="949F30AB-E0EE-F852-97CD-6E414226CA72">
<createdBy>danic</createdBy>
<createdTime>2026-01-22 20:06:17 UTC</createdTime>
<generatorID>22E32C4C-64AA-0F02-4C2D-6E1C591A3824</generatorID>
<ownerDesignName>Encargo_Semana3_HiLogic</ownerDesignName>
<useDomainConstraints>false</useDomainConstraints>
<use>1</use>
<logicalDatatype>LOGDT019</logicalDatatype>
<dataTypePrecision>12</dataTypePrecision>
<ownDataTypeParameters>,12,</ownDataTypeParameters>
<autoIncrementCycle>false</autoIncrementCycle>
</Column>
<Column name="fecha_boleta" id="EF1C470D-1287-CD90-D293-307B8C6B1B96">
<createdBy>danic</createdBy>
<createdTime>2026-01-22 20:06:17 UTC</createdTime>
<generatorID>06B02940-5E09-C2CC-65B8-6C26F29772A8</generatorID>
<ownerDesignName>Encargo_Semana3_HiLogic</ownerDesignName>
<useDomainConstraints>false</useDomainConstraints>
<use>1</use>
<logicalDatatype>LOGDT007</logicalDatatype>
<ownDataTypeParameters>,,</ownDataTypeParameters>
<autoIncrementCycle>false</autoIncrementCycle>
</Column>
<Column name="monto_venta" id="5D92ADCD-6788-43AC-592E-1DE4D11F513C">
<createdBy>danic</createdBy>
<createdTime>2026-01-22 20:06:17 UTC</createdTime>
<generatorID>E0C8A704-EDBF-F994-4775-224CA9623010</generatorID>
<ownerDesignName>Encargo_Semana3_HiLogic</ownerDesignName>
<useDomainConstraints>false</useDomainConstraints>
<use>1</use>
<logicalDatatype>LOGDT019</logicalDatatype>
<dataTypePrecision>12</dataTypePrecision>
<ownDataTypeParameters>,12,</ownDataTypeParameters>
<autoIncrementCycle>false</autoIncrementCycle>
</Column>
<Column name="cantidad_total" id="DA5A4055-BED3-1616-8DF6-DFF53619C548">
<createdBy>danic</createdBy>
<createdTime>2026-01-22 20:06:17 UTC</createdTime>
<generatorID>5C5DE9C0-3396-E1DF-8602-1D522087FD3F</generatorID>
<ownerDesignName>Encargo_Semana3_HiLogic</ownerDesignName>
<useDomainConstraints>false</useDomainConstraints>
<use>1</use>
<logicalDatatype>LOGDT019</logicalDatatype>
<dataTypePrecision>5</dataTypePrecision>
<ownDataTypeParameters>,5,</ownDataTypeParameters>
<autoIncrementCycle>false</autoIncrementCycle>
</Column>
<Column name="SUCURSAL_numero_sucursal" id="26C7AFAD-0E4D-B8A6-448F-AE1987FCD466">
<createdBy>danic</createdBy>
<createdTime>2026-01-22 20:06:17 UTC</createdTime>
<generatorID>9D210B1A-D6FC-93FE-C6D9-273E533D77C0</generatorID>
<ownerDesignName>Encargo_Semana3_HiLogic</ownerDesignName>
<useDomainConstraints>false</useDomainConstraints>
<use>1</use>
<logicalDatatype>LOGDT019</logicalDatatype>
<dataTypePrecision>5</dataTypePrecision>
<ownDataTypeParameters>,,</ownDataTypeParameters>
<previousColumn>false</previousColumn>
<autoIncrementCycle>false</autoIncrementCycle>
<associations>
<colAssociation fkAssociation="DE61727E-3962-11AE-D787-CBD533EB78AF" referredColumn="0DF85D03-E3C8-BC73-9F06-42245808A1D6"/>
</associations>
</Column>
<Column name="CLIENTE_rut_cliente" id="7912F709-67BE-871A-0888-4C45725BA8FD">
<createdBy>danic</createdBy>
<createdTime>2026-01-22 20:06:17 UTC</createdTime>
<generatorID>67F74853-41DC-C802-C04A-068834EEBE30</generatorID>
<ownerDesignName>Encargo_Semana3_HiLogic</ownerDesignName>
<useDomainConstraints>false</useDomainConstraints>
<use>1</use>
<logicalDatatype>A3A3C77D-0366-9768-FF89-1C25E56881C8</logicalDatatype>
<dataTypeSize>12</dataTypeSize>
<ownDataTypeParameters>,,</ownDataTypeParameters>
<previousColumn>false</previousColumn>
<autoIncrementCycle>false</autoIncrementCycle>
<associations>
<colAssociation fkAssociation="EB093ECF-B8C3-7F2C-EF3A-B61CFEA2238B" referredColumn="82BB7B6A-15B9-7D7B-27B5-3C10E8E41E09"/>
</associations>
</Column>
<Column name="TRABAJADOR_rut_trabajador" id="A433AB35-8C32-D8ED-150C-A316E9C720B7">
<createdBy>danic</createdBy>
<createdTime>2026-01-22 20:06:17 UTC</createdTime>
<generatorID>409E67A3-CB27-8CCA-4351-DF4BDA14A78A</generatorID>
<ownerDesignName>Encargo_Semana3_HiLogic</ownerDesignName>
<useDomainConstraints>false</useDomainConstraints>
<use>1</use>
<logicalDatatype>A3A3C77D-0366-9768-FF89-1C25E56881C8</logicalDatatype>
<dataTypeSize>12</dataTypeSize>
<ownDataTypeParameters>,,</ownDataTypeParameters>
<previousColumn>false</previousColumn>
<autoIncrementCycle>false</autoIncrementCycle>
<associations>
<colAssociation fkAssociation="430EEFE9-E006-66E5-7F4F-C0DCC469513D" referredColumn="71C2D0F9-FD9C-7168-EDA6-A9BDAAECAC42"/>
</associations>
</Column>
</columns>
<indexes itemClass="oracle.dbtools.crest.model.design.relational.Index">
<ind_PK_UK id="1A571F40-BE91-FBAD-3906-15041984F25D" name="BOLETA_PK">
<createdBy>danic</createdBy>
<createdTime>2026-01-22 20:06:17 UTC</createdTime>
<generatorID>94591105-8B5A-10F3-AD7C-2057C5488A90</generatorID>
<ownerDesignName>Encargo_Semana3_HiLogic</ownerDesignName>
<pk>true</pk>
<indexState>Primary Constraint</indexState>
<isSurrogateKey>false</isSurrogateKey>
<indexColumnUsage>
<colUsage columnID="949F30AB-E0EE-F852-97CD-6E414226CA72"/>
</indexColumnUsage>
</ind_PK_UK>
<ind_PK_UK id="3DB07011-E5F2-D0A6-23F3-ABFEF3578CE6" name="BOLETA_SUCURSAL_FK">
<createdBy>danic</createdBy>
<createdTime>2026-01-22 20:06:17 UTC</createdTime>
<generatorID>E11BF135-B463-A7E1-6829-49E7462CFA7A</generatorID>
<ownerDesignName>Encargo_Semana3_HiLogic</ownerDesignName>
<indexState>Foreign Key</indexState>
<isSurrogateKey>false</isSurrogateKey>
<indexColumnUsage>
<colUsage columnID="26C7AFAD-0E4D-B8A6-448F-AE1987FCD466"/>
</indexColumnUsage>
</ind_PK_UK>
<ind_PK_UK id="EBE9CB15-0C33-94CF-DFB2-F11A57C9535C" name="BOLETA_CLIENTE_FK">
<createdBy>danic</createdBy>
<createdTime>2026-01-22 20:06:17 UTC</createdTime>
<generatorID>CA099583-5659-27B3-254E-8B9F308A234F</generatorID>
<ownerDesignName>Encargo_Semana3_HiLogic</ownerDesignName>
<indexState>Foreign Key</indexState>
<isSurrogateKey>false</isSurrogateKey>
<indexColumnUsage>
<colUsage columnID="7912F709-67BE-871A-0888-4C45725BA8FD"/>
</indexColumnUsage>
</ind_PK_UK>
<ind_PK_UK id="B9869AE1-BC97-77D4-4778-8CA74DBBE179" name="BOLETA_TRABAJADOR_FK">
<createdBy>danic</createdBy>
<createdTime>2026-01-22 20:06:17 UTC</createdTime>
<generatorID>9AC69445-4F88-B386-5FAD-5F59EB79EE6C</generatorID>
<ownerDesignName>Encargo_Semana3_HiLogic</ownerDesignName>
<indexState>Foreign Key</indexState>
<isSurrogateKey>false</isSurrogateKey>
<indexColumnUsage>
<colUsage columnID="A433AB35-8C32-D8ED-150C-A316E9C720B7"/>
</indexColumnUsage>
</ind_PK_UK>
</indexes>
</Table>