<?xml version = '1.0' encoding = 'UTF-8'?>
<Table class="oracle.dbtools.crest.model.design.relational.Table" directorySegmentName="seg_0" id="9ECA9793-123B-AE95-43DB-9909BE603E19" name="SUCURSAL">
<createdBy>danic</createdBy>
<createdTime>2026-01-22 20:06:17 UTC</createdTime>
<generatorID>323697C5-3203-BF01-A527-4AEAC32A226B</generatorID>
<ownerDesignName>Encargo_Semana3_HiLogic</ownerDesignName>
<allowColumnReorder>false</allowColumnReorder>
<existDependencyGenerateInDDl>true</existDependencyGenerateInDDl>
<parsed>true</parsed>
<columns itemClass="oracle.dbtools.crest.model.design.relational.Column">
<Column name="numero_sucursal" id="0DF85D03-E3C8-BC73-9F06-42245808A1D6">
<createdBy>danic</createdBy>
<createdTime>2026-01-22 20:06:17 UTC</createdTime>
<generatorID>F3B380B8-1B1D-E656-7729-487565782035</generatorID>
<ownerDesignName>Encargo_Semana3_HiLogic</ownerDesignName>
<useDomainConstraints>false</useDomainConstraints>
<use>1</use>
<logicalDatatype>LOGDT019</logicalDatatype>
<dataTypePrecision>5</dataTypePrecision>
<ownDataTypeParameters>,5,</ownDataTypeParameters>
<autoIncrementCycle>false</autoIncrementCycle>
</Column>
<Column name="nombre_sucursal" id="3282EF88-C0C2-301C-DAA7-F1EE15F59C94">
<createdBy>danic</createdBy>
<createdTime>2026-01-22 20:06:17 UTC</createdTime>
<generatorID>4BDBB508-20ED-CCE2-E22B-AA81DAAD7053</generatorID>
<ownerDesignName>Encargo_Semana3_HiLogic</ownerDesignName>
<useDomainConstraints>false</useDomainConstraints>
<use>1</use>
<logicalDatatype>A3A3C77D-0366-9768-FF89-1C25E56881C8</logicalDatatype>
<dataTypeSize>100</dataTypeSize>
<ownDataTypeParameters>100,,</ownDataTypeParameters>
<autoIncrementCycle>false</autoIncrementCycle>
</Column>
<Column name="direccion_sucursal" id="F13BF29C-92FD-20C3-34FE-6536A94E48D7">
<createdBy>danic</createdBy>
<createdTime>2026-01-22 20:06:17 UTC</createdTime>
<generatorID>816775C1-5438-8A57-6736-E3B027F655A0</generatorID>
<ownerDesignName>Encargo_Semana3_HiLogic</ownerDesignName>
<useDomainConstraints>false</useDomainConstraints>
<use>1</use>
<logicalDatatype>A3A3C77D-0366-9768-FF89-1C25E56881C8</logicalDatatype>
<dataTypeSize>150</dataTypeSize>
<ownDataTypeParameters>150,,</ownDataTypeParameters>
<autoIncrementCycle>false</autoIncrementCycle>
</Column>
</columns>
<indexes itemClass="oracle.dbtools.crest.model.design.relational.Index">
<ind_PK_UK id="2199DD32-2386-36FC-49FE-01AED5133022" name="SUCURSAL_PK">
<createdBy>danic</createdBy>
<createdTime>2026-01-22 20:06:17 UTC</createdTime>
<generatorID>2BBF6E10-0C86-64CE-EB40-0495F27482F2</generatorID>
<ownerDesignName>Encargo_Semana3_HiLogic</ownerDesignName>
<pk>true</pk>
<indexState>Primary Constraint</indexState>
<isSurrogateKey>false</isSurrogateKey>
<indexColumnUsage>
<colUsage columnID="0DF85D03-E3C8-BC73-9F06-42245808A1D6"/>
</indexColumnUsage>
</ind_PK_UK>
</indexes>
</Table>