<?xml version = '1.0' encoding = 'UTF-8'?>
<Table class="oracle.dbtools.crest.model.design.relational.Table" directorySegmentName="seg_0" id="BB5505FE-7674-FA03-E259-996A71C303E9" name="CARGO">
<createdBy>danic</createdBy>
<createdTime>2026-01-22 20:06:17 UTC</createdTime>
<generatorID>F884F4CD-FDE4-B15C-2156-721D627BFB22</generatorID>
<ownerDesignName>Encargo_Semana3_HiLogic</ownerDesignName>
<allowColumnReorder>false</allowColumnReorder>
<existDependencyGenerateInDDl>true</existDependencyGenerateInDDl>
<parsed>true</parsed>
<columns itemClass="oracle.dbtools.crest.model.design.relational.Column">
<Column name="codigo_cargo" id="971391CB-0491-24A2-9532-F60ED16B9BB0">
<createdBy>danic</createdBy>
<createdTime>2026-01-22 20:06:17 UTC</createdTime>
<generatorID>9813AA1D-85DE-3ACA-ED7F-7A1F72839110</generatorID>
<ownerDesignName>Encargo_Semana3_HiLogic</ownerDesignName>
<useDomainConstraints>false</useDomainConstraints>
<use>1</use>
<logicalDatatype>LOGDT019</logicalDatatype>
<dataTypePrecision>5</dataTypePrecision>
<ownDataTypeParameters>,5,</ownDataTypeParameters>
<autoIncrementCycle>false</autoIncrementCycle>
</Column>
<Column name="descripcion_cargo" id="2BC8652F-F972-070D-3C26-67FB270D3730">
<createdBy>danic</createdBy>
<createdTime>2026-01-22 20:06:17 UTC</createdTime>
<generatorID>C0519C4E-517D-1DF7-51C1-51D2456A20F1</generatorID>
<ownerDesignName>Encargo_Semana3_HiLogic</ownerDesignName>
<useDomainConstraints>false</useDomainConstraints>
<use>1</use>
<logicalDatatype>A3A3C77D-0366-9768-FF89-1C25E56881C8</logicalDatatype>
<dataTypeSize>250</dataTypeSize>
<ownDataTypeParameters>250,,</ownDataTypeParameters>
<autoIncrementCycle>false</autoIncrementCycle>
</Column>
</columns>
<indexes itemClass="oracle.dbtools.crest.model.design.relational.Index">
<ind_PK_UK id="E6453526-2D58-466F-A127-CA74E9135171" name="CARGO_PK">
<createdBy>danic</createdBy>
<createdTime>2026-01-22 20:06:17 UTC</createdTime>
<generatorID>258D4EF4-D836-AB06-95EF-B51158C12E75</generatorID>
<ownerDesignName>Encargo_Semana3_HiLogic</ownerDesignName>
<pk>true</pk>
<indexState>Primary Constraint</indexState>
<isSurrogateKey>false</isSurrogateKey>
<indexColumnUsage>
<colUsage columnID="971391CB-0491-24A2-9532-F60ED16B9BB0"/>
</indexColumnUsage>
</ind_PK_UK>
</indexes>
</Table>