<?xml version = '1.0' encoding = 'UTF-8'?>
<Table class="oracle.dbtools.crest.model.design.relational.Table" directorySegmentName="seg_0" id="BCD01D5A-0AEB-F521-D06E-01A4F9B86B3E" name="CLIENTE_NORMAL">
<createdBy>danic</createdBy>
<createdTime>2026-01-22 20:06:17 UTC</createdTime>
<generatorID>F36718F1-08BB-DB6D-E10D-BB3AFF7DFEF8</generatorID>
<ownerDesignName>Encargo_Semana3_HiLogic</ownerDesignName>
<allowColumnReorder>false</allowColumnReorder>
<existDependencyGenerateInDDl>true</existDependencyGenerateInDDl>
<parsed>true</parsed>
<columns itemClass="oracle.dbtools.crest.model.design.relational.Column">
<Column name="rut_cliente" id="4BAC9D9E-A54E-2CE6-3023-B5E32B7213AC">
<createdBy>danic</createdBy>
<createdTime>2026-01-22 20:06:17 UTC</createdTime>
<generatorID>556ACF28-BEF2-9A67-5AD7-0CE01C62AF2A</generatorID>
<ownerDesignName>Encargo_Semana3_HiLogic</ownerDesignName>
<useDomainConstraints>false</useDomainConstraints>
<use>1</use>
<logicalDatatype>A3A3C77D-0366-9768-FF89-1C25E56881C8</logicalDatatype>
<dataTypeSize>12</dataTypeSize>
<ownDataTypeParameters>,,</ownDataTypeParameters>
<autoIncrementCycle>false</autoIncrementCycle>
<associations>
<colAssociation fkAssociation="8E5D39AE-3971-DCD8-4714-A47B46E5D69C" referredColumn="82BB7B6A-15B9-7D7B-27B5-3C10E8E41E09"/>
</associations>
</Column>
<Column name="descuento_fijo" id="F976AE1C-59D2-7031-674E-83AF18E0EC80">
<createdBy>danic</createdBy>
<createdTime>2026-01-22 20:06:17 UTC</createdTime>
<generatorID>C22766BD-CDA3-2C8F-BF29-D2583C434CD8</generatorID>
<ownerDesignName>Encargo_Semana3_HiLogic</ownerDesignName>
<useDomainConstraints>false</useDomainConstraints>
<use>1</use>
<logicalDatatype>LOGDT019</logicalDatatype>
<dataTypePrecision>8</dataTypePrecision>
<ownDataTypeParameters>,8,</ownDataTypeParameters>
<autoIncrementCycle>false</autoIncrementCycle>
</Column>
</columns>
<indexes itemClass="oracle.dbtools.crest.model.design.relational.Index">
<ind_PK_UK id="4898AD62-D7C2-6263-7950-E4FD5487F368" name="CLIENTE_NORMAL_PK">
<createdBy>danic</createdBy>
<createdTime>2026-01-22 20:06:17 UTC</createdTime>
<generatorID>DFD40075-67CA-F7FC-CB2F-ABD68D9FB169</generatorID>
<ownerDesignName>Encargo_Semana3_HiLogic</ownerDesignName>
<pk>true</pk>
<indexState>Primary Constraint</indexState>
<isSurrogateKey>false</isSurrogateKey>
<indexColumnUsage>
<colUsage columnID="4BAC9D9E-A54E-2CE6-3023-B5E32B7213AC"/>
</indexColumnUsage>
</ind_PK_UK>
<ind_PK_UK id="B234F61C-F060-E40D-79F5-2F0D4A5614DF" name="CLIENTE_NORMAL_CLIENTE_FK">
<createdBy>danic</createdBy>
<createdTime>2026-01-22 20:06:17 UTC</createdTime>
<generatorID>BC2C0A5F-6943-1DD3-F1A9-C2A117B497A1</generatorID>
<ownerDesignName>Encargo_Semana3_HiLogic</ownerDesignName>
<indexState>Foreign Key</indexState>
<isSurrogateKey>false</isSurrogateKey>
<indexColumnUsage>
<colUsage columnID="4BAC9D9E-A54E-2CE6-3023-B5E32B7213AC"/>
</indexColumnUsage>
</ind_PK_UK>
</indexes>
</Table>