<?xml version = '1.0' encoding = 'UTF-8'?>
<Relation class="oracle.dbtools.crest.model.design.logical.InheritanceRelation" name="Hierarchy_2" directorySegmentName="seg_0" id="819386E0-98B9-A0D8-8614-BBD70FB88C97">
<createdBy>danic</createdBy>
<createdTime>2026-01-19 15:35:19 UTC</createdTime>
<ownerDesignName>ModBD_S2</ownerDesignName>
<engineerTo>
<item key="BD36BEFC-97D9-B304-EB84-0D2423861D9B" value="true"/>
</engineerTo>
<identifying>false</identifying>
<nameOnSource>Super Type</nameOnSource>
<nameOnTarget>Sub Type</nameOnTarget>
<optionalSource>true</optionalSource>
<optionalTarget>true</optionalTarget>
<sourceEntity>3E5EC312-0E0A-F883-A800-E4A6466A267D</sourceEntity>
<targetEntity>9778D27F-166A-825A-6DBD-19FC333A543F</targetEntity>
<transferable>true</transferable>
<deleteRule>NO ACTION</deleteRule>
</Relation>