<?xml version = '1.0' encoding = 'UTF-8'?>
<Diagram class="oracle.dbtools.crest.swingui.relational.DPVRelational" name="Relational_1" id="18844FE0-79D0-89D3-FC1A-9AB83C0F5DDD">
<createdBy>danic</createdBy>
<modifiedBy>danic</modifiedBy>
<createdTime>2026-01-22 20:06:17 UTC</createdTime>
<autoRoute>false</autoRoute>
<boxInbox>true</boxInbox>
<showLegend>false</showLegend>
<showLabels>false</showLabels>
<showRelAttributes>false</showRelAttributes>
<gridEnabled>false</gridEnabled>
<showGrid>false</showGrid>
<diagramColor>-1</diagramColor>
<display>false</display>
<notation>1</notation>
<objectViews>
<OView class="oracle.dbtools.crest.swingui.relational.TVTable" oid="20BBDBD4-CD66-7485-6997-2E656F621CE3" otype="Table" vid="52583D03-8481-2149-A3AC-220A48398CA8">
<hideElementsInCurrentOnly>false</hideElementsInCurrentOnly>
<bounds x="12" y="646" width="265" height="137"/>
</OView>
<OView class="oracle.dbtools.crest.swingui.relational.TVTable" oid="2B8657CA-3BAF-3BD1-2290-3EC34EB865FD" otype="Table" vid="F6B70AC5-A7EA-E814-9728-5A0D14E62255">
<hideElementsInCurrentOnly>false</hideElementsInCurrentOnly>
<bounds x="1122" y="314" width="422" height="134"/>
</OView>
<OView class="oracle.dbtools.crest.swingui.relational.TVTable" oid="48CDE758-E33A-4105-41E9-FA12BDBF1D11" otype="Table" vid="E9D7E166-F3CB-527E-0FAA-909BA1CA9BDE">
<hideElementsInCurrentOnly>false</hideElementsInCurrentOnly>
<bounds x="291" y="23" width="236" height="93"/>
</OView>
<OView class="oracle.dbtools.crest.swingui.relational.TVTable" oid="56F6F4DC-B930-C642-B7EA-86EAFA2C8EF7" otype="Table" vid="60948AB4-EA83-A3FD-1D2E-C786FE9A238D">
<hideElementsInCurrentOnly>false</hideElementsInCurrentOnly>
<bounds x="11" y="486" width="223" height="113"/>
</OView>
<OView class="oracle.dbtools.crest.swingui.relational.TVTable" oid="6EE6871F-6856-0317-B972-1990DCE30980" otype="Table" vid="FBD915D4-402E-1ADA-7DC9-7CBA2EDA6242">
<hideElementsInCurrentOnly>false</hideElementsInCurrentOnly>
<bounds x="1113" y="18" width="333" height="138"/>
</OView>
<OView class="oracle.dbtools.crest.swingui.relational.TVTable" oid="71998AF2-626E-7141-1BFE-109CA6689455" otype="Table" vid="95F402C0-5F4F-66D6-89D6-A843E3E6D536">
<hideElementsInCurrentOnly>false</hideElementsInCurrentOnly>
<bounds x="293" y="560" width="257" height="110"/>
</OView>
<OView class="oracle.dbtools.crest.swingui.relational.TVTable" oid="7C5DC726-13EE-82AC-867F-E7FC04F550E3" otype="Table" vid="94794543-6272-521E-FF96-4F8585B5A013">
<hideElementsInCurrentOnly>false</hideElementsInCurrentOnly>
<bounds x="611" y="269" width="316" height="195"/>
</OView>
<OView class="oracle.dbtools.crest.swingui.relational.TVTable" oid="9ECA9793-123B-AE95-43DB-9909BE603E19" otype="Table" vid="C10B6759-C83D-E4AD-5568-4314F84D799A">
<hideElementsInCurrentOnly>false</hideElementsInCurrentOnly>
<bounds x="621" y="19" width="228" height="90"/>
</OView>
<OView class="oracle.dbtools.crest.swingui.relational.TVTable" oid="B3302042-BA23-693C-D99C-71F2EB6B4212" otype="Table" vid="C452CB45-F697-E176-BD6A-978C9AF3B5D7">
<hideElementsInCurrentOnly>false</hideElementsInCurrentOnly>
<bounds x="1229" y="552" width="212" height="117"/>
</OView>
<OView class="oracle.dbtools.crest.swingui.relational.TVTable" oid="BB5505FE-7674-FA03-E259-996A71C303E9" otype="Table" vid="0DA68F7F-1CE2-7970-1AA7-BA8CBDDF7E34">
<hideElementsInCurrentOnly>false</hideElementsInCurrentOnly>
<bounds x="444" y="751" width="229" height="73"/>
</OView>
<OView class="oracle.dbtools.crest.swingui.relational.TVTable" oid="BCD01D5A-0AEB-F521-D06E-01A4F9B86B3E" otype="Table" vid="C8A6C964-1311-0653-5E05-9825A2B9B98D">
<hideElementsInCurrentOnly>false</hideElementsInCurrentOnly>
<bounds x="18" y="167" width="251" height="95"/>
</OView>
<OView class="oracle.dbtools.crest.swingui.relational.TVTable" oid="CA760E9E-AF52-054A-67AE-4A090E1D88F0" otype="Table" vid="134DE0AE-0431-69C2-FA0D-141B8D5BEAFF">
<hideElementsInCurrentOnly>false</hideElementsInCurrentOnly>
<bounds x="16" y="21" width="226" height="106"/>
</OView>
</objectViews>
<connectors>
<Connector class="oracle.dbtools.crest.swingui.relational.TVFKRelation" oid="06CDD9BC-E8AC-4FAB-AF85-E8BDE4C5DC62" otype="FKIndexAssociation" vid_source="94794543-6272-521E-FF96-4F8585B5A013" vid_target="F6B70AC5-A7EA-E814-9728-5A0D14E62255">
<hideElementsInCurrentOnly>false</hideElementsInCurrentOnly>
<backgroundColor>-16777216</backgroundColor>
<lineWidth>1</lineWidth>
<points>
<point x="927" y="381"/>
<point x="1122" y="381"/>
</points>
</Connector>
<Connector class="oracle.dbtools.crest.swingui.relational.TVFKRelation" oid="2F947C58-45BA-D4E5-5D18-706704CF1642" otype="FKIndexAssociation" vid_source="60948AB4-EA83-A3FD-1D2E-C786FE9A238D" vid_target="FBD915D4-402E-1ADA-7DC9-7CBA2EDA6242">
<hideElementsInCurrentOnly>false</hideElementsInCurrentOnly>
<backgroundColor>-16777216</backgroundColor>
<lineWidth>1</lineWidth>
<points>
<point x="234" y="498"/>
<point x="1113" y="152"/>
</points>
</Connector>
<Connector class="oracle.dbtools.crest.swingui.relational.TVFKRelation" oid="430EEFE9-E006-66E5-7F4F-C0DCC469513D" otype="FKIndexAssociation" vid_source="60948AB4-EA83-A3FD-1D2E-C786FE9A238D" vid_target="94794543-6272-521E-FF96-4F8585B5A013">
<hideElementsInCurrentOnly>false</hideElementsInCurrentOnly>
<backgroundColor>-16777216</backgroundColor>
<lineWidth>1</lineWidth>
<points>
<point x="234" y="512"/>
<point x="611" y="409"/>
</points>
</Connector>
<Connector class="oracle.dbtools.crest.swingui.relational.TVFKRelation" oid="4EA4CBC4-4B7A-C7DB-F03E-7F8D47F0E471" otype="FKIndexAssociation" vid_source="134DE0AE-0431-69C2-FA0D-141B8D5BEAFF" vid_target="E9D7E166-F3CB-527E-0FAA-909BA1CA9BDE">
<hideElementsInCurrentOnly>false</hideElementsInCurrentOnly>
<backgroundColor>-16777216</backgroundColor>
<lineWidth>1</lineWidth>
<points>
<point x="242" y="69"/>
<point x="291" y="69"/>
</points>
</Connector>
<Connector class="oracle.dbtools.crest.swingui.relational.TVFKRelation" oid="667DFE29-E4A8-8F9F-CA08-F64E4182BE7F" otype="FKIndexAssociation" vid_source="60948AB4-EA83-A3FD-1D2E-C786FE9A238D" vid_target="52583D03-8481-2149-A3AC-220A48398CA8">
<hideElementsInCurrentOnly>false</hideElementsInCurrentOnly>
<backgroundColor>-16777216</backgroundColor>
<lineWidth>1</lineWidth>
<points>
<point x="123" y="599"/>
<point x="123" y="646"/>
</points>
</Connector>
<Connector class="oracle.dbtools.crest.swingui.relational.TVFKRelation" oid="83034556-452D-858D-A6C4-0C3B26222956" otype="FKIndexAssociation" vid_source="0DA68F7F-1CE2-7970-1AA7-BA8CBDDF7E34" vid_target="95F402C0-5F4F-66D6-89D6-A843E3E6D536">
<hideElementsInCurrentOnly>false</hideElementsInCurrentOnly>
<backgroundColor>-16777216</backgroundColor>
<lineWidth>1</lineWidth>
<points>
<point x="497" y="751"/>
<point x="497" y="670"/>
</points>
</Connector>
<Connector class="oracle.dbtools.crest.swingui.relational.TVFKRelation" oid="8E5D39AE-3971-DCD8-4714-A47B46E5D69C" otype="FKIndexAssociation" vid_source="134DE0AE-0431-69C2-FA0D-141B8D5BEAFF" vid_target="C8A6C964-1311-0653-5E05-9825A2B9B98D">
<hideElementsInCurrentOnly>false</hideElementsInCurrentOnly>
<backgroundColor>-16777216</backgroundColor>
<lineWidth>1</lineWidth>
<points>
<point x="130" y="127"/>
<point x="130" y="167"/>
</points>
</Connector>
<Connector class="oracle.dbtools.crest.swingui.relational.TVFKRelation" oid="AAE2A6C3-DB1B-BC5D-D5F8-31EA22C88E73" otype="FKIndexAssociation" vid_source="0DA68F7F-1CE2-7970-1AA7-BA8CBDDF7E34" vid_target="52583D03-8481-2149-A3AC-220A48398CA8">
<hideElementsInCurrentOnly>false</hideElementsInCurrentOnly>
<backgroundColor>-16777216</backgroundColor>
<lineWidth>1</lineWidth>
<points>
<point x="444" y="767"/>
<point x="277" y="767"/>
</points>
</Connector>
<Connector class="oracle.dbtools.crest.swingui.relational.TVFKRelation" oid="CDF0F03C-7B38-C5DC-F54F-A9CFAB99FDD1" otype="FKIndexAssociation" vid_source="C452CB45-F697-E176-BD6A-978C9AF3B5D7" vid_target="F6B70AC5-A7EA-E814-9728-5A0D14E62255">
<hideElementsInCurrentOnly>false</hideElementsInCurrentOnly>
<backgroundColor>-16777216</backgroundColor>
<lineWidth>1</lineWidth>
<points>
<point x="1335" y="552"/>
<point x="1335" y="448"/>
</points>
</Connector>
<Connector class="oracle.dbtools.crest.swingui.relational.TVFKRelation" oid="DE61727E-3962-11AE-D787-CBD533EB78AF" otype="FKIndexAssociation" vid_source="C10B6759-C83D-E4AD-5568-4314F84D799A" vid_target="94794543-6272-521E-FF96-4F8585B5A013">
<hideElementsInCurrentOnly>false</hideElementsInCurrentOnly>
<backgroundColor>-16777216</backgroundColor>
<lineWidth>1</lineWidth>
<points>
<point x="735" y="109"/>
<point x="735" y="269"/>
</points>
</Connector>
<Connector class="oracle.dbtools.crest.swingui.relational.TVFKRelation" oid="DED08876-BFF0-09D7-402D-EA02EEF6E2B2" otype="FKIndexAssociation" vid_source="60948AB4-EA83-A3FD-1D2E-C786FE9A238D" vid_target="95F402C0-5F4F-66D6-89D6-A843E3E6D536">
<hideElementsInCurrentOnly>false</hideElementsInCurrentOnly>
<backgroundColor>-16777216</backgroundColor>
<lineWidth>1</lineWidth>
<points>
<point x="234" y="579"/>
<point x="293" y="579"/>
</points>
</Connector>
<Connector class="oracle.dbtools.crest.swingui.relational.TVFKRelation" oid="E6871AA1-BBDB-EC42-8D5E-844243671E31" otype="FKIndexAssociation" vid_source="C10B6759-C83D-E4AD-5568-4314F84D799A" vid_target="FBD915D4-402E-1ADA-7DC9-7CBA2EDA6242">
<hideElementsInCurrentOnly>false</hideElementsInCurrentOnly>
<backgroundColor>-16777216</backgroundColor>
<lineWidth>1</lineWidth>
<points>
<point x="849" y="64"/>
<point x="1113" y="64"/>
</points>
</Connector>
<Connector class="oracle.dbtools.crest.swingui.relational.TVFKRelation" oid="EB093ECF-B8C3-7F2C-EF3A-B61CFEA2238B" otype="FKIndexAssociation" vid_source="134DE0AE-0431-69C2-FA0D-141B8D5BEAFF" vid_target="94794543-6272-521E-FF96-4F8585B5A013">
<hideElementsInCurrentOnly>false</hideElementsInCurrentOnly>
<backgroundColor>-16777216</backgroundColor>
<lineWidth>1</lineWidth>
<points>
<point x="242" y="125"/>
<point x="611" y="294"/>
</points>
</Connector>
</connectors>
<arcs>
<Arc class="oracle.dbtools.crest.swingui.relational.TVFKArc" oid="6315AD67-5B66-8BED-C5D0-77B49D804042" otype="FKArc" vid="94711AE2-7FD5-D784-E8B9-0526C8B4CC4D">
<hideElementsInCurrentOnly>false</hideElementsInCurrentOnly>
<bounds x="-9" y="466" width="263" height="153"/>
</Arc>
<Arc class="oracle.dbtools.crest.swingui.relational.TVFKArc" oid="FF7F51ED-9249-5D46-1EC9-78ACC7F84261" otype="FKArc" vid="ACBAD494-7C56-95C9-58E1-8757C300189E">
<hideElementsInCurrentOnly>false</hideElementsInCurrentOnly>
<bounds x="-4" y="1" width="266" height="146"/>
</Arc>
</arcs>
</Diagram>