<?xml version = '1.0' encoding = 'UTF-8'?>
<Entity class="oracle.dbtools.crest.model.design.logical.Entity" directorySegmentName="seg_0" id="0B9506F2-F004-A487-4575-4C5F87768DC0" name="CLIENTE_VIP">
<createdBy>danic</createdBy>
<createdTime>2026-01-22 19:27:32 UTC</createdTime>
<ownerDesignName>Encargo_Semana3_HiLogic</ownerDesignName>
<engineerTo>
<item key="43921964-33FD-FEE1-D6D5-74BB1D5A31BF" value="true"/>
</engineerTo>
<adequatelyNormalized>NO</adequatelyNormalized>
<expectedVolumes>0</expectedVolumes>
<fwdEngineeringStrategyName>Single Table</fwdEngineeringStrategyName>
<growthPercent>0</growthPercent>
<growthType>Year</growthType>
<hierarchicalParent>41C38554-9BFA-3FAF-DD55-73A636036235</hierarchicalParent>
<maxVolumes>9999999</maxVolumes>
<minVolumes>0</minVolumes>
<normalForm>Third</normalForm>
<attributes itemClass="oracle.dbtools.crest.model.design.logical.Attribute">
<Attribute name="porcentaje_descuento" id="561F5DB2-B0B0-F402-4B71-DC1C103B5E0F">
<createdBy>danic</createdBy>
<createdTime>2026-01-22 19:27:54 UTC</createdTime>
<ownerDesignName>Encargo_Semana3_HiLogic</ownerDesignName>
<engineerTo>
<item key="43921964-33FD-FEE1-D6D5-74BB1D5A31BF" value="true"/>
</engineerTo>
<useDomainConstraints>false</useDomainConstraints>
<use>1</use>
<logicalDatatype>LOGDT019</logicalDatatype>
<dataTypePrecision>3</dataTypePrecision>
<dataTypeScale>1</dataTypeScale>
<ownDataTypeParameters>,3,1</ownDataTypeParameters>
</Attribute>
</attributes>
</Entity>