<?xml version = '1.0' encoding = 'UTF-8'?>
<Entity class="oracle.dbtools.crest.model.design.logical.Entity" directorySegmentName="seg_0" id="1F773604-A0D4-C8C8-DCC2-13FEC4258451" name="DETALLE_BOLETA">
<createdBy>danic</createdBy>
<createdTime>2026-01-22 19:50:36 UTC</createdTime>
<ownerDesignName>Encargo_Semana3_HiLogic</ownerDesignName>
<engineerTo>
<item key="43921964-33FD-FEE1-D6D5-74BB1D5A31BF" value="true"/>
</engineerTo>
<adequatelyNormalized>NO</adequatelyNormalized>
<expectedVolumes>0</expectedVolumes>
<fwdEngineeringStrategyName>Single Table</fwdEngineeringStrategyName>
<growthPercent>0</growthPercent>
<growthType>Year</growthType>
<maxVolumes>9999999</maxVolumes>
<minVolumes>0</minVolumes>
<normalForm>Third</normalForm>
<attributes itemClass="oracle.dbtools.crest.model.design.logical.Attribute">
<Attribute name="cantidad" id="A6ED9BAA-71A4-1235-5C18-52E52E4EA01F">
<createdBy>danic</createdBy>
<createdTime>2026-01-22 19:50:57 UTC</createdTime>
<ownerDesignName>Encargo_Semana3_HiLogic</ownerDesignName>
<engineerTo>
<item key="43921964-33FD-FEE1-D6D5-74BB1D5A31BF" value="true"/>
</engineerTo>
<useDomainConstraints>false</useDomainConstraints>
<use>1</use>
<logicalDatatype>LOGDT019</logicalDatatype>
<dataTypePrecision>5</dataTypePrecision>
<ownDataTypeParameters>,5,</ownDataTypeParameters>
</Attribute>
<Attribute name="precio_momento" id="C98999C8-6B37-9874-C424-B3C75C40AB1A">
<createdBy>danic</createdBy>
<createdTime>2026-01-22 19:51:11 UTC</createdTime>
<ownerDesignName>Encargo_Semana3_HiLogic</ownerDesignName>
<engineerTo>
<item key="43921964-33FD-FEE1-D6D5-74BB1D5A31BF" value="true"/>
</engineerTo>
<useDomainConstraints>false</useDomainConstraints>
<use>1</use>
<logicalDatatype>LOGDT019</logicalDatatype>
<dataTypePrecision>10</dataTypePrecision>
<ownDataTypeParameters>,10,</ownDataTypeParameters>
</Attribute>
<Attribute name="numero_boleta" id="7E9BA5F8-7CF4-03E9-20BF-D3B1CB119411">
<createdBy>danic</createdBy>
<createdTime>2026-01-22 19:58:35 UTC</createdTime>
<generatorID>583167B1-C3FC-0A07-37A1-F014E3A2924A</generatorID>
<ownerDesignName>Encargo_Semana3_HiLogic</ownerDesignName>
<engineerTo>
<item key="43921964-33FD-FEE1-D6D5-74BB1D5A31BF" value="true"/>
</engineerTo>
<referedAttribute>22E32C4C-64AA-0F02-4C2D-6E1C591A3824</referedAttribute>
<useDomainConstraints>false</useDomainConstraints>
<use>1</use>
<logicalDatatype>LOGDT019</logicalDatatype>
<dataTypePrecision>12</dataTypePrecision>
<ownDataTypeParameters>,,</ownDataTypeParameters>
</Attribute>
<Attribute name="codigo_producto" id="715ABE5C-942A-2714-E0BF-FC01D0B5DFDD">
<createdBy>danic</createdBy>
<createdTime>2026-01-22 19:59:12 UTC</createdTime>
<generatorID>7E131A6E-CBFF-6F77-69E4-AB670E7E146C</generatorID>
<ownerDesignName>Encargo_Semana3_HiLogic</ownerDesignName>
<engineerTo>
<item key="43921964-33FD-FEE1-D6D5-74BB1D5A31BF" value="true"/>
</engineerTo>
<referedAttribute>71FEE585-6177-0C9D-586B-886698E444F8</referedAttribute>
<useDomainConstraints>false</useDomainConstraints>
<use>1</use>
<logicalDatatype>LOGDT019</logicalDatatype>
<dataTypePrecision>10</dataTypePrecision>
<ownDataTypeParameters>,,</ownDataTypeParameters>
</Attribute>
</attributes>
<identifiers itemClass="oracle.dbtools.crest.model.design.logical.CandidateKey">
<identifier id="19B74D6A-FCAC-563A-7752-5B6BF5992DD6" name="DETALLE_BOLETA PK">
<createdBy>danic</createdBy>
<createdTime>2026-01-22 20:02:38 UTC</createdTime>
<ownerDesignName>Encargo_Semana3_HiLogic</ownerDesignName>
<engineerTo>
<item key="43921964-33FD-FEE1-D6D5-74BB1D5A31BF" value="true"/>
</engineerTo>
<pk>true</pk>
<usedAttributes>
<attributeRef>7E9BA5F8-7CF4-03E9-20BF-D3B1CB119411</attributeRef>
<attributeRef>715ABE5C-942A-2714-E0BF-FC01D0B5DFDD</attributeRef>
</usedAttributes>
</identifier>
</identifiers>
</Entity>