<?xml version = '1.0' encoding = 'UTF-8'?>
<Entity class="oracle.dbtools.crest.model.design.logical.Entity" directorySegmentName="seg_0" id="323697C5-3203-BF01-A527-4AEAC32A226B" name="SUCURSAL">
<createdBy>danic</createdBy>
<createdTime>2026-01-22 19:39:21 UTC</createdTime>
<ownerDesignName>Encargo_Semana3_HiLogic</ownerDesignName>
<engineerTo>
<item key="43921964-33FD-FEE1-D6D5-74BB1D5A31BF" value="true"/>
</engineerTo>
<adequatelyNormalized>NO</adequatelyNormalized>
<expectedVolumes>0</expectedVolumes>
<fwdEngineeringStrategyName>Single Table</fwdEngineeringStrategyName>
<growthPercent>0</growthPercent>
<growthType>Year</growthType>
<maxVolumes>9999999</maxVolumes>
<minVolumes>0</minVolumes>
<normalForm>Third</normalForm>
<attributes itemClass="oracle.dbtools.crest.model.design.logical.Attribute">
<Attribute name="numero_sucursal" id="F3B380B8-1B1D-E656-7729-487565782035">
<createdBy>danic</createdBy>
<createdTime>2026-01-22 19:39:29 UTC</createdTime>
<ownerDesignName>Encargo_Semana3_HiLogic</ownerDesignName>
<engineerTo>
<item key="43921964-33FD-FEE1-D6D5-74BB1D5A31BF" value="true"/>
</engineerTo>
<useDomainConstraints>false</useDomainConstraints>
<use>1</use>
<logicalDatatype>LOGDT019</logicalDatatype>
<dataTypePrecision>5</dataTypePrecision>
<ownDataTypeParameters>,5,</ownDataTypeParameters>
</Attribute>
<Attribute name="nombre_sucursal" id="4BDBB508-20ED-CCE2-E22B-AA81DAAD7053">
<createdBy>danic</createdBy>
<createdTime>2026-01-22 19:39:50 UTC</createdTime>
<ownerDesignName>Encargo_Semana3_HiLogic</ownerDesignName>
<engineerTo>
<item key="43921964-33FD-FEE1-D6D5-74BB1D5A31BF" value="true"/>
</engineerTo>
<useDomainConstraints>false</useDomainConstraints>
<use>1</use>
<logicalDatatype>A3A3C77D-0366-9768-FF89-1C25E56881C8</logicalDatatype>
<dataTypeSize>100</dataTypeSize>
<ownDataTypeParameters>100,,</ownDataTypeParameters>
</Attribute>
<Attribute name="direccion_sucursal" id="816775C1-5438-8A57-6736-E3B027F655A0">
<createdBy>danic</createdBy>
<createdTime>2026-01-22 19:40:19 UTC</createdTime>
<ownerDesignName>Encargo_Semana3_HiLogic</ownerDesignName>
<engineerTo>
<item key="43921964-33FD-FEE1-D6D5-74BB1D5A31BF" value="true"/>
</engineerTo>
<useDomainConstraints>false</useDomainConstraints>
<use>1</use>
<logicalDatatype>A3A3C77D-0366-9768-FF89-1C25E56881C8</logicalDatatype>
<dataTypeSize>150</dataTypeSize>
<ownDataTypeParameters>150,,</ownDataTypeParameters>
</Attribute>
</attributes>
<identifiers itemClass="oracle.dbtools.crest.model.design.logical.CandidateKey">
<identifier id="2BBF6E10-0C86-64CE-EB40-0495F27482F2" name="SUCURSAL PK">
<createdBy>danic</createdBy>
<createdTime>2026-01-22 19:39:48 UTC</createdTime>
<ownerDesignName>Encargo_Semana3_HiLogic</ownerDesignName>
<engineerTo>
<item key="43921964-33FD-FEE1-D6D5-74BB1D5A31BF" value="true"/>
</engineerTo>
<pk>true</pk>
<usedAttributes>
<attributeRef>F3B380B8-1B1D-E656-7729-487565782035</attributeRef>
</usedAttributes>
</identifier>
</identifiers>
</Entity>