<?xml version = '1.0' encoding = 'UTF-8'?>
<Entity class="oracle.dbtools.crest.model.design.logical.Entity" directorySegmentName="seg_0" id="439D810A-1666-E57C-AA92-37822E34EA75" name="BOLETA">
<createdBy>danic</createdBy>
<createdTime>2026-01-22 19:48:22 UTC</createdTime>
<ownerDesignName>Encargo_Semana3_HiLogic</ownerDesignName>
<engineerTo>
<item key="43921964-33FD-FEE1-D6D5-74BB1D5A31BF" value="true"/>
</engineerTo>
<adequatelyNormalized>NO</adequatelyNormalized>
<expectedVolumes>0</expectedVolumes>
<fwdEngineeringStrategyName>Single Table</fwdEngineeringStrategyName>
<growthPercent>0</growthPercent>
<growthType>Year</growthType>
<maxVolumes>9999999</maxVolumes>
<minVolumes>0</minVolumes>
<normalForm>Third</normalForm>
<attributes itemClass="oracle.dbtools.crest.model.design.logical.Attribute">
<Attribute name="numero_boleta" id="22E32C4C-64AA-0F02-4C2D-6E1C591A3824">
<createdBy>danic</createdBy>
<createdTime>2026-01-22 19:48:29 UTC</createdTime>
<ownerDesignName>Encargo_Semana3_HiLogic</ownerDesignName>
<engineerTo>
<item key="43921964-33FD-FEE1-D6D5-74BB1D5A31BF" value="true"/>
</engineerTo>
<useDomainConstraints>false</useDomainConstraints>
<use>1</use>
<logicalDatatype>LOGDT019</logicalDatatype>
<dataTypePrecision>12</dataTypePrecision>
<ownDataTypeParameters>,12,</ownDataTypeParameters>
</Attribute>
<Attribute name="fecha_boleta" id="06B02940-5E09-C2CC-65B8-6C26F29772A8">
<createdBy>danic</createdBy>
<createdTime>2026-01-22 19:49:30 UTC</createdTime>
<ownerDesignName>Encargo_Semana3_HiLogic</ownerDesignName>
<engineerTo>
<item key="43921964-33FD-FEE1-D6D5-74BB1D5A31BF" value="true"/>
</engineerTo>
<useDomainConstraints>false</useDomainConstraints>
<use>1</use>
<logicalDatatype>LOGDT007</logicalDatatype>
<ownDataTypeParameters>,,</ownDataTypeParameters>
</Attribute>
<Attribute name="monto_venta" id="E0C8A704-EDBF-F994-4775-224CA9623010">
<createdBy>danic</createdBy>
<createdTime>2026-01-22 19:49:41 UTC</createdTime>
<ownerDesignName>Encargo_Semana3_HiLogic</ownerDesignName>
<engineerTo>
<item key="43921964-33FD-FEE1-D6D5-74BB1D5A31BF" value="true"/>
</engineerTo>
<useDomainConstraints>false</useDomainConstraints>
<use>1</use>
<logicalDatatype>LOGDT019</logicalDatatype>
<dataTypePrecision>12</dataTypePrecision>
<ownDataTypeParameters>,12,</ownDataTypeParameters>
</Attribute>
<Attribute name="cantidad_total" id="5C5DE9C0-3396-E1DF-8602-1D522087FD3F">
<createdBy>danic</createdBy>
<createdTime>2026-01-22 19:49:53 UTC</createdTime>
<ownerDesignName>Encargo_Semana3_HiLogic</ownerDesignName>
<engineerTo>
<item key="43921964-33FD-FEE1-D6D5-74BB1D5A31BF" value="true"/>
</engineerTo>
<useDomainConstraints>false</useDomainConstraints>
<use>1</use>
<logicalDatatype>LOGDT019</logicalDatatype>
<dataTypePrecision>5</dataTypePrecision>
<ownDataTypeParameters>,5,</ownDataTypeParameters>
</Attribute>
<Attribute name="numero_sucursal" id="9D210B1A-D6FC-93FE-C6D9-273E533D77C0">
<createdBy>danic</createdBy>
<createdTime>2026-01-22 19:57:17 UTC</createdTime>
<generatorID>E11BF135-B463-A7E1-6829-49E7462CFA7A</generatorID>
<ownerDesignName>Encargo_Semana3_HiLogic</ownerDesignName>
<engineerTo>
<item key="43921964-33FD-FEE1-D6D5-74BB1D5A31BF" value="true"/>
</engineerTo>
<referedAttribute>F3B380B8-1B1D-E656-7729-487565782035</referedAttribute>
<useDomainConstraints>false</useDomainConstraints>
<use>1</use>
<logicalDatatype>LOGDT019</logicalDatatype>
<dataTypePrecision>5</dataTypePrecision>
<ownDataTypeParameters>,,</ownDataTypeParameters>
</Attribute>
<Attribute name="rut_cliente" id="67F74853-41DC-C802-C04A-068834EEBE30">
<createdBy>danic</createdBy>
<createdTime>2026-01-22 19:57:28 UTC</createdTime>
<generatorID>CA099583-5659-27B3-254E-8B9F308A234F</generatorID>
<ownerDesignName>Encargo_Semana3_HiLogic</ownerDesignName>
<engineerTo>
<item key="43921964-33FD-FEE1-D6D5-74BB1D5A31BF" value="true"/>
</engineerTo>
<referedAttribute>556ACF28-BEF2-9A67-5AD7-0CE01C62AF2A</referedAttribute>
<useDomainConstraints>false</useDomainConstraints>
<use>1</use>
<logicalDatatype>A3A3C77D-0366-9768-FF89-1C25E56881C8</logicalDatatype>
<dataTypeSize>12</dataTypeSize>
<ownDataTypeParameters>,,</ownDataTypeParameters>
</Attribute>
<Attribute name="rut_trabajador" id="409E67A3-CB27-8CCA-4351-DF4BDA14A78A">
<createdBy>danic</createdBy>
<createdTime>2026-01-22 19:57:47 UTC</createdTime>
<generatorID>9AC69445-4F88-B386-5FAD-5F59EB79EE6C</generatorID>
<ownerDesignName>Encargo_Semana3_HiLogic</ownerDesignName>
<engineerTo>
<item key="43921964-33FD-FEE1-D6D5-74BB1D5A31BF" value="true"/>
</engineerTo>
<referedAttribute>F3351B43-F136-67CC-A618-B6D7FB7FD1B3</referedAttribute>
<useDomainConstraints>false</useDomainConstraints>
<use>1</use>
<logicalDatatype>A3A3C77D-0366-9768-FF89-1C25E56881C8</logicalDatatype>
<dataTypeSize>12</dataTypeSize>
<ownDataTypeParameters>,,</ownDataTypeParameters>
</Attribute>
</attributes>
<identifiers itemClass="oracle.dbtools.crest.model.design.logical.CandidateKey">
<identifier id="94591105-8B5A-10F3-AD7C-2057C5488A90" name="BOLETA PK">
<createdBy>danic</createdBy>
<createdTime>2026-01-22 19:49:29 UTC</createdTime>
<ownerDesignName>Encargo_Semana3_HiLogic</ownerDesignName>
<engineerTo>
<item key="43921964-33FD-FEE1-D6D5-74BB1D5A31BF" value="true"/>
</engineerTo>
<pk>true</pk>
<usedAttributes>
<attributeRef>22E32C4C-64AA-0F02-4C2D-6E1C591A3824</attributeRef>
</usedAttributes>
</identifier>
</identifiers>
</Entity>