<?xml version = '1.0' encoding = 'UTF-8'?>
<Entity class="oracle.dbtools.crest.model.design.logical.Entity" directorySegmentName="seg_0" id="BE4BC200-8F8E-4C19-EA51-DC7BB0562B35" name="CONTRATO">
<createdBy>danic</createdBy>
<createdTime>2026-01-22 19:44:15 UTC</createdTime>
<ownerDesignName>Encargo_Semana3_HiLogic</ownerDesignName>
<engineerTo>
<item key="43921964-33FD-FEE1-D6D5-74BB1D5A31BF" value="true"/>
</engineerTo>
<adequatelyNormalized>NO</adequatelyNormalized>
<expectedVolumes>0</expectedVolumes>
<fwdEngineeringStrategyName>Single Table</fwdEngineeringStrategyName>
<growthPercent>0</growthPercent>
<growthType>Year</growthType>
<maxVolumes>9999999</maxVolumes>
<minVolumes>0</minVolumes>
<normalForm>Third</normalForm>
<attributes itemClass="oracle.dbtools.crest.model.design.logical.Attribute">
<Attribute name="numero_contrato" id="26F8555D-751B-2B82-1452-7115C5A10973">
<createdBy>danic</createdBy>
<createdTime>2026-01-22 19:44:21 UTC</createdTime>
<ownerDesignName>Encargo_Semana3_HiLogic</ownerDesignName>
<engineerTo>
<item key="43921964-33FD-FEE1-D6D5-74BB1D5A31BF" value="true"/>
</engineerTo>
<useDomainConstraints>false</useDomainConstraints>
<use>1</use>
<logicalDatatype>LOGDT019</logicalDatatype>
<dataTypePrecision>10</dataTypePrecision>
<ownDataTypeParameters>,10,</ownDataTypeParameters>
</Attribute>
<Attribute name="fecha_contrato" id="1355157E-0FE7-0BDB-DEB8-12D26FE8D3CE">
<createdBy>danic</createdBy>
<createdTime>2026-01-22 19:44:35 UTC</createdTime>
<ownerDesignName>Encargo_Semana3_HiLogic</ownerDesignName>
<engineerTo>
<item key="43921964-33FD-FEE1-D6D5-74BB1D5A31BF" value="true"/>
</engineerTo>
<useDomainConstraints>false</useDomainConstraints>
<use>1</use>
<logicalDatatype>LOGDT007</logicalDatatype>
<ownDataTypeParameters>,,</ownDataTypeParameters>
</Attribute>
<Attribute name="numero_sucursal" id="A5A64B12-DEA4-09A5-BE9F-49B679698078">
<createdBy>danic</createdBy>
<createdTime>2026-01-22 19:55:33 UTC</createdTime>
<generatorID>BB14E891-99E2-A401-9F13-A73C4FEA996E</generatorID>
<ownerDesignName>Encargo_Semana3_HiLogic</ownerDesignName>
<engineerTo>
<item key="43921964-33FD-FEE1-D6D5-74BB1D5A31BF" value="true"/>
</engineerTo>
<referedAttribute>F3B380B8-1B1D-E656-7729-487565782035</referedAttribute>
<useDomainConstraints>false</useDomainConstraints>
<use>1</use>
<logicalDatatype>LOGDT019</logicalDatatype>
<dataTypePrecision>5</dataTypePrecision>
<ownDataTypeParameters>,,</ownDataTypeParameters>
</Attribute>
<Attribute name="rut_trabajador" id="6D15BBDC-23B7-5EE5-3AAA-A3618327FF76">
<createdBy>danic</createdBy>
<createdTime>2026-01-22 19:55:57 UTC</createdTime>
<generatorID>751361B5-BC5E-3172-3087-E7468D286A72</generatorID>
<ownerDesignName>Encargo_Semana3_HiLogic</ownerDesignName>
<engineerTo>
<item key="43921964-33FD-FEE1-D6D5-74BB1D5A31BF" value="true"/>
</engineerTo>
<referedAttribute>F3351B43-F136-67CC-A618-B6D7FB7FD1B3</referedAttribute>
<useDomainConstraints>false</useDomainConstraints>
<use>1</use>
<logicalDatatype>A3A3C77D-0366-9768-FF89-1C25E56881C8</logicalDatatype>
<dataTypeSize>12</dataTypeSize>
<ownDataTypeParameters>,,</ownDataTypeParameters>
</Attribute>
</attributes>
<identifiers itemClass="oracle.dbtools.crest.model.design.logical.CandidateKey">
<identifier id="002644AE-CF5A-92D4-C532-2D8695AF350A" name="CONTRATO PK">
<createdBy>danic</createdBy>
<createdTime>2026-01-22 19:44:34 UTC</createdTime>
<ownerDesignName>Encargo_Semana3_HiLogic</ownerDesignName>
<engineerTo>
<item key="43921964-33FD-FEE1-D6D5-74BB1D5A31BF" value="true"/>
</engineerTo>
<pk>true</pk>
<usedAttributes>
<attributeRef>26F8555D-751B-2B82-1452-7115C5A10973</attributeRef>
</usedAttributes>
</identifier>
</identifiers>
</Entity>