<?xml version = '1.0' encoding = 'UTF-8'?>
<FKArc class="oracle.dbtools.crest.model.design.relational.FKArc" directorySegmentName="seg_0" id="6315AD67-5B66-8BED-C5D0-77B49D804042" name="FKArc_2">
<createdBy>danic</createdBy>
<createdTime>2026-01-22 20:06:17 UTC</createdTime>
<ownerDesignName>Encargo_Semana3_HiLogic</ownerDesignName>
<mandatory>false</mandatory>
<reverseArc>true</reverseArc>
<table>56F6F4DC-B930-C642-B7EA-86EAFA2C8EF7</table>
<fkeys>
<fkeyID>667DFE29-E4A8-8F9F-CA08-F64E4182BE7F</fkeyID>
<fkeyID>DED08876-BFF0-09D7-402D-EA02EEF6E2B2</fkeyID>
</fkeys>
</FKArc>