<?xml version = '1.0' encoding = 'UTF-8'?>
<FKArc class="oracle.dbtools.crest.model.design.relational.FKArc" directorySegmentName="seg_0" id="FF7F51ED-9249-5D46-1EC9-78ACC7F84261" name="FKArc_1">
<createdBy>danic</createdBy>
<createdTime>2026-01-22 20:06:17 UTC</createdTime>
<ownerDesignName>Encargo_Semana3_HiLogic</ownerDesignName>
<mandatory>false</mandatory>
<reverseArc>true</reverseArc>
<table>CA760E9E-AF52-054A-67AE-4A090E1D88F0</table>
<fkeys>
<fkeyID>4EA4CBC4-4B7A-C7DB-F03E-7F8D47F0E471</fkeyID>
<fkeyID>8E5D39AE-3971-DCD8-4714-A47B46E5D69C</fkeyID>
</fkeys>
</FKArc>