<?xml version = '1.0' encoding = 'UTF-8'?>
<relationalModel class="oracle.dbtools.crest.model.design.relational.RelationalDesign" name="Relational_1" id="43921964-33FD-FEE1-D6D5-74BB1D5A31BF" mainViewID="18844FE0-79D0-89D3-FC1A-9AB83C0F5DDD">
<createdBy>danic</createdBy>
<createdTime>2026-01-22 19:18:01 UTC</createdTime>
<ownerDesignName>Encargo_Semana3_HiLogic</ownerDesignName>
<shouldBeOpen>false</shouldBeOpen>
<selectedRDBMSSite>32076570-2523-435C-2E92-BF29817DFF70</selectedRDBMSSite>
</relationalModel>